url,name,brand,sku,price,original_price,360_dərəcə_fırlanma,akkumulyatorun_tutumu,brend,daxili_yaddaş,displey,ekranın_diaqonalı,girişlər,kateqoriya,klaviaturanın_dili,model,operativ_yaddaş,prosessor,rəng,sensorlu_ekran,veb_kamera,videokart,videokartın_növü,wi_fi,zəmanət,ölçülər_e_d_h,əməliyyat_sistemi
https://kontakt.az/notbuk-apple-macbook-air-13-mgn63ru-a-space-gray,Notbuk Apple MacBook Air 13 M1 Space Gray MGN63RU/A,Apple,TM-DG-KOT-1114-NB-0142,1449.99,,,,,,,,,,,,,,,,,,,,,,
https://kontakt.az/notbuk-acer-nitro-5-anv15-51-nh-qnder-001,Notbuk Acer Nitro 5 ANV15-51 (NH.QNDER.001),Acer,TM-DG-KOT-1114-NB-2934,1499.99,,,,,,,,,,,,,,,,,,,,,,
https://kontakt.az/notbuk-huawei-matebook-d16-53013ydl-space-gray,Notbuk HUAWEI MateBook D16 (53013YDL) Space Gray,HUAWEI,TM-DG-KOT-1114-NB-2444,"1.149,99",1699.99,Yox,"42 Vt*s, 8 saatadək",Asus,SSD 512GB,"FullHD (1920 × 1080), 60 Hz","15.6""","2× USB 3.2 Gen 1 Type-A, USB 3.2 Gen 1 Type-C, USB 2.0, HDMI",İş və təhsil,"İngilis, Rus",VivoBook 15 X1504VA-BQ591,"DDR4 8GB, 3200 MHz","Intel Core i5 120U, 1.4 - 5 GHz",Cool Silver,Yox,720p,Intel Graphics,Daxili Intel,Wi-Fi 6 (802.11ax),12 ay,359.7 × 232.5 × 17.9 mm,FreeDos
https://kontakt.az/notbuk-asus-vivobook-15-x1504va-bq591-90nb13y2-m00x80,Notbuk Asus VivoBook 15 X1504VA-BQ591 (90NB13Y2-M00X80),Asus,TM-DG-KOT-1114-NB-3134,1149.99,,,,,,,,,,,,,,,,,,,,,,
https://kontakt.az/notbuk-lenovo-ideapad-slim-3-15amn8-82xq00jprk,Notbuk Lenovo IdeaPad Slim 3 15AMN8 (82XQ00JPRK),Lenovo,TM-DG-KOT-1114-NB-3249,899.99,,,,,,,,,,,,,,,,,,,,,,
https://kontakt.az/notbuk-apple-macbook-air-13-m4-midnight-mw123ru-a,Notbuk Apple MacBook Air 13 M4 Midnight MW123RU/A,Apple,TM-DG-KOT-1114-NB-2891,2079.99,,,,,,,,,,,,,,,,,,,,,,
https://kontakt.az/notbuk-lenovo-ideapad-slim-3-15iru8-82x700d6rk,Notbuk Lenovo IdeaPad Slim 3 15IRU8 (82X700D6RK),Lenovo,TM-DG-KOT-1114-NB-3036,819.99,,,,,,,,,,,,,,,,,,,,,,
https://kontakt.az/notbuk-apple-macbook-air-13-m4-sky-blue-mc6t4ru-a,Notbuk Apple MacBook Air 13 M4 Sky Blue MC6T4RU/A,Apple,TM-DG-KOT-1114-NB-2883,2079.99,,,,,,,,,,,,,,,,,,,,,,
https://kontakt.az/notbuk-lenovo-legion-5-16irx9-83dg00nwrk,Notbuk Lenovo Legion 5 16IRX9 (83DG00NWRK),Lenovo,TM-DG-KOT-1114-NB-3141,"819,99",1349.99,Yox,"47 Vt*s, 8 saatadək",Lenovo,SSD 512GB,"FullHD (1920 × 1080), 60 Hz","15.6""","2× USB 3.2 Gen 1 Type-A, 1× USB 3.2 Gen 1 Type-C, HDMI",İş və təhsil,"İngilis, Rus",IdeaPad Slim 3 15IRU8,"LPDDR5 8GB, 4800 MHz","Intel Core i3 1315U, 0.9 - 4.5 GHz",Arctic Grey,Yox,720p,Intel UHD Graphics,Daxili Intel,Wi-Fi 6 (802.11ax),12 ay,359.3 × 235 × 17.9 mm,ƏS yoxdur
https://kontakt.az/notbuk-lenovo-loq-15arp9-83jc00lbrk,Notbuk Lenovo LOQ 15ARP9 (83JC00LBRK),Lenovo,TM-DG-KOT-1114-NB-3219,1799.99,,,,,,,,,,,,,,,,,,,,,,
https://kontakt.az/notbuk-lenovo-loq-15irx10-83je002brk,Notbuk Lenovo LOQ 15IRX10 (83JE002BRK),Lenovo,TM-DG-KOT-1114-NB-3084,"839,99",1099.99,Yox,"58 Vt*s, 8 Saatadək",Acer,SSD 512GB,"FullHD (1920 × 1200), 60 Hz","16""","3x USB 3.2 Gen 1 Type-A, 1x USB 3.2 Gen 2 Type-C, HDMI",İş və təhsil,"İngilis, Rus",Aspire Lite AL16-52P,"DDR5 8GB, 4800 MHz","Intel Core i3 1305U, 1.2 - 4.5 GHz",Iron,Yox,1080p,Intel UHD Graphics,Daxili Intel,Wi-Fi 6 (802.11ax),12 ay,357.6 × 247 × 18.9 mm,FreeDos
https://kontakt.az/notbuk-apple-macbook-air-13-m4-midnight-mw133ru-a,Notbuk Apple MacBook Air 13 M4 Midnight MW133RU/A,Apple,TM-DG-KOT-1114-NB-2892,2899.99,,,,,,,,,,,,,,,,,,,,,,
https://kontakt.az/notbuk-hp-250-g10-8x9d0es,Notbuk HP 250 G10 (8X9D0ES),HP,TM-DG-KOT-1114-NB-3097,999.99,,,,,,,,,,,,,,,,,,,,,,
https://kontakt.az/notbuk-acer-nitro-5-anv15-51-nh-qncer-002,Notbuk Acer Nitro 5 ANV15-51 (NH.QNCER.002),Acer,TM-DG-KOT-1114-NB-2935,1799.99,,,,,,,,,,,,,,,,,,,,,,
https://kontakt.az/notbuk-acer-aspire-lite-al16-52p-nx-j5rer-002,Notbuk Acer Aspire Lite AL16-52P (NX.J5RER.002),Acer,TM-DG-KOT-1114-NB-3160,839.99,,,,,,,,,,,,,,,,,,,,,,
https://kontakt.az/notbuk-apple-macbook-pro-m4-max-silver-mx2g3ru-a,Notbuk Apple MacBook Pro M4 Max Silver MX2G3RU/A,Apple,TM-DG-KOT-1114-NB-3042,"1.899,99",2599.99,Yox,"60 Vt*s, 4 saatadək",Lenovo,SSD 512GB,"FullHD (1920 × 1080), 144 Hz","15.6""","3× USB 3.2 Gen 1 Type-A, USB 3.2 Gen 2 Type-C, HDMI, Ethernet (RJ-45)",Oyun,"İngilis, Rus",LOQ 15IRX9,"DDR5 16GB, 4800 MHz","Intel Core i5 13450HX, 1.8 - 4.6 GHz",Luna Grey,Yox,1080p,"GeForce RTX 4050, 6 GB",Xarici Nvidia,Wi-Fi 6 (802.11ax),12 ay,359.86 × 258.7 × 23.9 mm,FreeDos
https://kontakt.az/notbuk-lenovo-loq-15irx9-83dv01cgrk,Notbuk Lenovo LOQ 15IRX9 (83DV01CGRK),Lenovo,TM-DG-KOT-1114-NB-3280,1899.99,,,,,,,,,,,,,,,,,,,,,,
https://kontakt.az/notbuk-lenovo-loq-15irx9-83gs00r9rk,Notbuk Lenovo LOQ 15IAX9 (83GS00R9RK),Lenovo,TM-DG-KOT-1114-NB-3281,1659.99,,,,,,,,,,,,,,,,,,,,,,
https://kontakt.az/notbuk-acer-aspire-lite-al16-52p-nx-j5rer-001,Notbuk Acer Aspire Lite AL16-52P (NX.J5RER.001),Acer,TM-DG-KOT-1114-NB-3161,979.99,,,,,,,,,,,,,,,,,,,,,,
https://kontakt.az/notbuk-acer-nitro-nl16-71g-nh-daber-001,Notbuk Acer Nitro NL16-71G (NH.DABER.001),Acer,TM-DG-KOT-1114-NB-3238,1499.99,,,,,,,,,,,,,,,,,,,,,,
https://kontakt.az/notbuk-asus-tuf-fx607vu-rl046-90nr0n06-m00310,Notbuk Asus TUF FX607VU-RL046 (90NR0N06-M00310),Asus,TM-DG-KOT-1114-NB-3127,"2.099,99",2899.99,Yox,"56 Vt*s, 6 saatadək",Asus,SSD 512GB,"WUXGA (1920 × 1200), 144 Hz","16""","2x USB 3.2 Gen 1 Type-A, 1x USB 3.2 Gen 2 Type-C, 1x Thunderbolt 4, HDMI, Ethernet RJ-45",Oyun,"İngilis, Rus",TUF FX607VU-RL046,"DDR5 16GB, 5600 MHz","Intel Core i5 210H, 2.2 - 4.8 GHz",Mecha Gray,Yox,720p,"GeForce RTX 4050, 6 GB",Xarici Nvidia,Wi-Fi 6 (802.11ax),12 ay,354 × 251 × 26.7 mm,FreeDos
https://kontakt.az/notbuk-apple-macbook-air-13-m4-silver-mw0w3ru-a,Notbuk Apple MacBook Air 13 M4 Silver MW0W3RU/A,Apple,TM-DG-KOT-1114-NB-2887,"2.099,99",2899.99,Yox,"56 Vt*s, 6 saatadək",Asus,SSD 512GB,"WUXGA (1920 × 1200), 144 Hz","16""","2x USB 3.2 Gen 1 Type-A, 1x USB 3.2 Gen 2 Type-C, 1x Thunderbolt 4, HDMI, Ethernet RJ-45",Oyun,"İngilis, Rus",TUF FX607VU-RL046,"DDR5 16GB, 5600 MHz","Intel Core i5 210H, 2.2 - 4.8 GHz",Mecha Gray,Yox,720p,"GeForce RTX 4050, 6 GB",Xarici Nvidia,Wi-Fi 6 (802.11ax),12 ay,354 × 251 × 26.7 mm,FreeDos
https://kontakt.az/notbuk-acer-nitro-5-anv15-51-735k-nh-qnber-002,Notbuk Acer Nitro 5 ANV15-51-735K (NH.QNBER.002),Acer,TM-DG-KOT-1114-NB-2632,2169.99,,,,,,,,,,,,,,,,,,,,,,
https://kontakt.az/notbuk-asus-rog-strix-g16-g614pr-rv007-90nr0nj7-m00080,Notbuk Asus ROG Strix G16 G614PR-RV007 (90NR0NJ7-M00080),Asus,TM-DG-KOT-1114-NB-3232,3869.99,,,,,,,,,,,,,,,,,,,,,,
https://kontakt.az/notbuk-lenovo-loq-15ahp10-83jg000vrk,Notbuk Lenovo LOQ 15AHP10 (83JG000VRK),Lenovo,TM-DG-KOT-1114-NB-3235,"2.899,99",3999.99,Yox,"80 Vt*s, 5.2 saatadək",Lenovo,SSD 1 TB,"WQXGA (2560 × 1600), 240 Hz","16""","4× USB 3.2 Gen 1 Type-A, 2× USB 3.2 Gen 2 Type-C, HDMI, Ethernet (RJ-45)",Oyun,"İngilis, Rus",Legion Pro 5 16IRX9,"DDR5 32GB, 5600 MHz","Intel Core i5 14500HX, 1.9 - 4.9 GHz",Onyx Grey,Yox,1080p,"GeForce RTX 4060, 8 GB",Xarici Nvidia,Wi-Fi 6E (802.11ax),12 ay,363.4 × 261.7 × 26.9 mm,ƏS yoxdur
https://kontakt.az/notbuk-lenovo-legion-pro-5-16irx9-83df008nrk,Notbuk Lenovo Legion Pro 5 16IRX9 (83DF008NRK),Lenovo,TM-DG-KOT-1114-NB-3387,2899.99,,,,,,,,,,,,,,,,,,,,,,
https://kontakt.az/notbuk-msi-thin-15-b13ve-3008xaz-9s7-16r831-3008,Notbuk MSI Thin 15 B13VE-3008XAZ (9S7-16R831-3008),MSI,TM-DG-KOT-1114-NB-2988,2049.99,,,,,,,,,,,,,,,,,,,,,,
https://kontakt.az/notbuk-apple-macbook-air-13-m4-starlight-mw0y3ru-a,Notbuk Apple MacBook Air 13 M4 Starlight MW0Y3RU/A,Apple,TM-DG-KOT-1114-NB-2889,2079.99,,,,,,,,,,,,,,,,,,,,,,
https://kontakt.az/notbuk-asus-g835lw-sa013-rog-strix-scar-18-90nr0li1-m00140,Notbuk Asus G835LW-SA013 ROG Strix Scar 18  90NR0LI1-M00140,Asus,TM-DG-KOT-1114-NB-2997,"2.899,99",3499.99,Yox,"53.8 Vt*s, 18 saatadək",Apple,SSD 512GB,"Liquid Retina (2560 × 1664), 60 Hz","13.6""",2× Thunderbolt 4,Premium,"İngilis, Rus",MacBook Air 13,"LPDDR5 16GB, 6400 MHz","Apple M4, 4.41 GHz",Silver,Yox,1080p,Apple M4,Apple,Wi-Fi 6E (802.11ax),12 ay,304.1 × 215 × 11.3 mm,MacOS
https://kontakt.az/notbuk-apple-macbook-air-13-m4-silver-mw0x3ru-a,Notbuk Apple MacBook Air 13 M4 Silver MW0X3RU/A,Apple,TM-DG-KOT-1114-NB-2888,2899.99,,,,,,,,,,,,,,,,,,,,,,
https://kontakt.az/notbuk-hp-pavilion-14-dv0010ur-2h5w8ea,Notbuk HP Pavilion 14-DV0010UR (2H5W8EA),HP,TM-DG-KOT-1114-NB-0706,1489.99,,,,,,,,,,,,,,,,,,,,,,
https://kontakt.az/notbuk-lenovo-ideapad-slim-5-15arp10-83j30043rk,Notbuk Lenovo İdeaPad Slim 5 15ARP10 (83J30043RK),Lenovo,TM-DG-KOT-1114-NB-2966,1749.99,,,,,,,,,,,,,,,,,,,,,,
https://kontakt.az/notbuk-lenovo-legion-pro-5-16irx9-83df009krk,Notbuk Lenovo Legion Pro 5 16IRX9 (83DF009KRK),Lenovo,TM-DG-KOT-1114-NB-3170,2599.99,,,,,,,,,,,,,,,,,,,,,,
https://kontakt.az/notbuk-honor-magicbook-pro-x16-dra-54-white,Notbuk HONOR MagicBook Pro X16 (DRA-54) White,HONOR,TM-DG-KOT-1114-NB-2926,"1.849,99",2899.99,Yox,"64 Vt*s, 8 saatadək",Lenovo,SSD 512GB,"WUXGA (1920 × 1200), 60 Hz","16""","1x USB 3.2 Gen 2 Type-A, 1x USB 3.2 Gen 1 Type-A, 1x USB 3.2 Gen 2 Type-C, 1x Thunderbolt™ 4, HDMI, Ethernet RJ45",İş və təhsil,"İngilis, Rus",ThinkPad E16 Gen 3,"DDR5 16GB, 5600 MHz","Intel Core Ultra 5 225U, 2.4 - 4.8 GHz",Black,Yox,1080p,Intel Graphics,Daxili Intel,Wi-Fi 6E (802.11ax),12 ay,356 × 249 × 21.15 mm,ƏS yoxdur
https://kontakt.az/notbuk-asus-tuf-fx608jmr-rv037-90nr0nb1-m002s0,Notbuk Asus TUF FX608JMR-RV037 (90NR0NB1-M002S0),Asus,TM-DG-KOT-1114-NB-3132,2989.99,,,,,,,,,,,,,,,,,,,,,,
https://kontakt.az/notbuk-lenovo-ideapad-slim-5-14irh10r-83j0006mrk,Notbuk Lenovo IdeaPad Slim 5 14IRH10R (83J0006MRK),Lenovo,TM-DG-KOT-1114-NB-3178,1479.99,,,,,,,,,,,,,,,,,,,,,,
https://kontakt.az/acer-nitro-5-anv15-51-nh-qnber-006,Notbuk Acer Nitro 5 ANV15-51 (NH.QNBER.006),Acer,TM-DG-KOT-1114-NB-2536,2299.99,,,,,,,,,,,,,,,,,,,,,,
https://kontakt.az/notbuk-lenovo-thinkpad-e16-gen3-21sr0048fw,Notbuk Lenovo ThinkPad E16 Gen3 (21SR0048FW),Lenovo,TM-DG-KOT-1114-NB-3091,1849.99,,,,,,,,,,,,,,,,,,,,,,
https://kontakt.az/notbuk-lenovo-ip-slim-3-15irh8-83k100rfrk,Notbuk Lenovo IP Slim 3 15IRH8 (83K100RFRK),Lenovo,TM-DG-KOT-1114-NB-3216,1359.99,,,,,,,,,,,,,,,,,,,,,,
https://kontakt.az/notbuk-hp-spectre-x360-14-eu0007ci-a1aa3ea,Notbuk HP Spectre X360 14-EU0007CI (A1AA3EA),HP,TM-DG-KOT-1114-NB-2852,3099.99,,,,,,,,,,,,,,,,,,,,,,
https://kontakt.az/notbuk-lenovo-ideapad-slim-5-15arp10-83j3005nrk,Notbuk Lenovo IdeaPad Slim 5 15ARP10 (83J3005NRK),Lenovo,TM-DG-KOT-1114-NB-3180,1379.99,,,,,,,,,,,,,,,,,,,,,,
https://kontakt.az/notbuk-apple-macbook-air-13-mc7x4ru-a-midnight,Notbuk Apple MacBook Air 13 M2 Midnight MC7X4RU/A,Apple,TM-DG-KOT-1114-NB-2727,1999.99,,,,,,,,,,,,,,,,,,,,,,
https://kontakt.az/notbuk-asus-vivobook-15-x1504va-bq590-90nb13y1-m00x70,Notbuk Asus VivoBook 15 X1504VA-BQ590 (90NB13Y1-M00X70),Asus,TM-DG-KOT-1114-NB-3135,"1.379,99",1999.99,Yox,"54.7 Vt*s, 21 saatadək",Lenovo,SSD 1 TB,"WUXGA (1920 × 1200), 60 Hz","15.3""","2× USB 3.2 Gen 1 Type-A, 2× USB 3.2 Gen 2 Type-C, HDMI",İş və təhsil,"İngilis, Rus",IdeaPad Slim 5 15ARP10,"LPDDR5X 16GB, 6400 MHz","AMD Ryzen 7 7735HS, 3.2 - 4.75 GHz",Seafoam Green,Yox,1080p,AMD Radeon 680M,Daxili AMD,Wi-Fi 6 (802.11ax),12 ay,339.33 × 236 × 15.6 mm,ƏS yoxdur
https://kontakt.az/notbuk-huawei-matebook-d-14-53014bsb-space-gray,Notbuk HUAWEI MateBook D 14 (53014BSB) Space Gray,HUAWEI,TM-DG-KOT-1114-NB-3197,1199.99,,,,,,,,,,,,,,,,,,,,,,
https://kontakt.az/notbuk-asus-vivobook-v16-v3607vh-rp020-90nb16l1-m003c0,Notbuk Asus VivoBook V16 V3607VH-RP020 (90NB16L1-M003C0),Asus,TM-DG-KOT-1114-NB-3203,"2.549,99",3399.99,Yox,"57 Vt*s, 6 saatadək",Acer,SSD 1 TB,"FullHD (1920 × 1080), 165 Hz","15.6""","3× USB 3.2 Gen 2 Type-A, USB 3.2 Gen 2 Type-C, HDMI, Ethernet (RJ-45)",Oyun,"İngilis, Rus",Nitro ANV15-51,"DDR5 16GB, 4800 MHz","Intel Core i7 13620H, 1.8 - 4.9 GHz",Black,Yox,720p,"GeForce RTX 4060, 8 GB",Xarici Nvidia,Wi-Fi 6 (802.11ax),12 ay,355.6 × 228.6 × 25.4 mm,FreeDos
https://kontakt.az/notbuk-acer-nitro-anv15-51-nh-qqeer-002,Notbuk Acer Nitro ANV15-51 (NH.QQEER.002),Acer,TM-DG-KOT-1114-NB-2813,2549.99,,,,,,,,,,,,,,,,,,,,,,
https://kontakt.az/notbuk-asus-tuf-f16-fx608jpr-rv019-90nr0ng1-m00350,Notbuk Asus TUF F16 FX608JPR-RV019 (90NR0NG1-M00350),Asus,TM-DG-KOT-1114-NB-3282,3499.99,,,,,,,,,,,,,,,,,,,,,,
https://kontakt.az/notbuk-acer-chromebook-311-cboa311-1h-c90f,Notbuk Acer Chromebook 311 (CBOA311-1H-C90F),Acer,TM-DG-KOT-1114-NB-2814,339.99,,,,,,,,,,,,,,,,,,,,,,
https://kontakt.az/notbuk-lenovo-ideapad-slim-3-15irh10-83k10032rk,Notbuk Lenovo IdeaPad Slim 3 15IRH10 (83K10032RK),Lenovo,TM-DG-KOT-1114-NB-2870,"2.399,99",3299.99,Var,"70 Vt*s, 8 saatadək",Lenovo,SSD 1 TB,"WUXGA (1920 × 1200), 60 Hz","14""","USB 3.2 Gen 1 Type-A, 2× Thunderbolt 4, HDMI",İş və təhsil,"İngilis, Rus",Yoga 7 2in1 14ILL10,"LPDDR5X 16GB, 8533 MHz","Intel Core Ultra 7 256V, 2.2 - 4.8 GHz",Luna Grey,Var,1080p,Intel Arc Graphics 140V,Daxili Intel,Wi-Fi 7 (802.11be),12 ay,317 × 228 × 15.45 mm,FreeDos
https://kontakt.az/notbuk-lenovo-yoga-7-2in1-14ill10-83jq003frk,Notbuk Lenovo Yoga 7 2in1 14ILL10 (83JQ003FRK),Lenovo,TM-DG-KOT-1114-NB-3073,2399.99,,,,,,,,,,,,,,,,,,,,,,
https://kontakt.az/notbuk-lenovo-yoga-7-2in1-14ill10-83jq005crk,Notbuk Lenovo Yoga 7 2in1 14ILL10 (83JQ005CRK),Lenovo,TM-DG-KOT-1114-NB-2986,2449.99,,,,,,,,,,,,,,,,,,,,,,
https://kontakt.az/notbuk-huawei-matebook-d-16-53014buy-space-gray,Notbuk HUAWEI MateBook D 16 (53014BUY) Space Gray,HUAWEI,TM-DG-KOT-1114-NB-3200,1399.99,,,,,,,,,,,,,,,,,,,,,,
https://kontakt.az/notbuk-hp-omnibook-5-16-af1003ci-bg7h7ea,Notbuk HP OmniBook 5 16-AF1003CI (BG7H7EA),HP,TM-DG-KOT-1114-NB-3027,1599.99,,,,,,,,,,,,,,,,,,,,,,
https://kontakt.az/notbuk-apple-macbook-pro-14-mde14ru-a-space-black,Notbuk Apple MacBook Pro 14 MDE14RU/A Space Black,Apple,TM-DG-KOT-1114-NB-3223,"4.399,99",4999.99,Yox,-,Apple,SSD 1 TB,"Liquid Retina XDR (3024 × 1964), 120 Hz","14.2""","3 × Type C, Type-A, 3.5 mm, MagSafe 3 Port",Premium,"İngilis, Rus",MDE14RU/A,"LPDDR5 16GB, 6400 MHz",Apple M5,Space Black,Yox,12 MP,Apple M5,Apple,Wi-Fi 6E (802.11ax),12 ay,312.6 × 221.2 × 221.2 mm,MacOS
https://kontakt.az/notbuk-lenovo-thinkpad-e14-gen7-21t9003wfw,Notbuk Lenovo ThinkPad E14 Gen7 (21T9003WFW),Lenovo,TM-DG-KOT-1114-NB-3090,1799.99,,,,,,,,,,,,,,,,,,,,,,
https://kontakt.az/notbuk-apple-macbook-air-15-m4-silver-mw1h3ru-a,Notbuk Apple MacBook Air 15 M4 Silver MW1H3RU/A,Apple,TM-DG-KOT-1114-NB-2896,3399.99,,,,,,,,,,,,,,,,,,,,,,
https://kontakt.az/notbuk-apple-macbook-air-13-m4-sky-blue-mc6u4ru-a,Notbuk Apple MacBook Air 13 M4 Sky Blue MC6U4RU/A,Apple,TM-DG-KOT-1114-NB-2886,"4.399,99",4999.99,Yox,-,Apple,SSD 1 TB,"Liquid Retina XDR (3024 × 1964), 120 Hz","14.2""","3 × Type C, Type-A, 3.5 mm, MagSafe 3 Port",Premium,"İngilis, Rus",MDE14RU/A,"LPDDR5 16GB, 6400 MHz",Apple M5,Space Black,Yox,12 MP,Apple M5,Apple,Wi-Fi 6E (802.11ax),12 ay,312.6 × 221.2 × 221.2 mm,MacOS
https://kontakt.az/notbuk-asus-ga403uv-qs163-rog-zephyrus-g14-oled,Notbuk Asus GA403UV-QS163 ROG Zephyrus G14 OLED M008S0,Asus,TM-DG-KOT-1114-NB-2999,3559.99,,,,,,,,,,,,,,,,,,,,,,
https://kontakt.az/notbuk-apple-macbook-air-15-m4-starlight-mw1k3ru-a,Notbuk Apple MacBook Air 15 M4 Starlight MW1K3RU/A,Apple,TM-DG-KOT-1114-NB-2898,"1.849,99",2399.99,Yox,"57 Vt*s, 8 saatadək",Lenovo,SSD 512GB,"WUXGA (1920 × 1200), 60 Hz","14""","1x USB 3.2 Gen 1 Type-A, 1x USB 3.2 Gen 2 Type-A, 1x USB 3.2 Gen 2 Type-C, 1x Thunderbolt 4, HDMI, Ethernet RJ45",İş və təhsil,"İngilis, Rus",ThinkPad E14 Gen 6,"DDR5 16GB, 5600 MHz","Intel Core Ultra 5 125U, 0.8 - 4.3 GHz",Black,Yox,1080p,Intel Graphics,Daxili Intel,Wi-Fi 6E (802.11ax),12 ay,313 × 219.3 × 18 mm,ƏS yoxdur
https://kontakt.az/notbuk-asus-vivobook-16-x1605va-sh2128-90nb10n3-m02su0,Notbuk Asus VivoBook 16 X1605VA-SH2128 (90NB10N3-M02SU0),Asus,TM-DG-KOT-1114-NB-3293,1449.99,,,,,,,,,,,,,,,,,,,,,,
https://kontakt.az/notbuk-asus-tuf-a16-fa608up-rv036-90nr0kt1-m004y0,Notbuk Asus TUF A16 FA608UP-RV036 (90NR0KT1-M004Y0),Asus,TM-DG-KOT-1114-NB-3273,3399.99,,,,,,,,,,,,,,,,,,,,,,
https://kontakt.az/notbuk-lenovo-thinkpad-e14-gen-6-21m7002rrt,Notbuk Lenovo ThinkPad E14 Gen 6 (21M7002RRT),Lenovo,TM-DG-KOT-1114-NB-2863,1849.99,,,,,,,,,,,,,,,,,,,,,,
https://kontakt.az/notbuk-apple-macbook-air-13-mc7w4ru-a-starlight,Notbuk Apple MacBook Air 13 M2 Starlight MC7W4RU/A,Apple,TM-DG-KOT-1114-NB-2726,1999.99,,,,,,,,,,,,,,,,,,,,,,
https://kontakt.az/notbuk-hp-omnibook-5-16-af1015ci-bg7h9ea,Notbuk HP OmniBook 5 16-AF1015CI (BG7H9EA),HP,TM-DG-KOT-1114-NB-3029,"1.899,99",2599.99,Var,"70 Vt*s, 16 saatadək",Lenovo,SSD 512GB,"WUXGA (1920 × 1200), 60 Hz","14""","1× USB 3.2 Gen 1 Type-A, 1× Thunderbolt 4, 1× USB4, HDMI",İş və təhsil,"İngilis, Rus",Yoga 7 2in1 14ILL10,"LPDDR5X 16GB, 8533 MHz","Intel Core Ultra 5 226V, 2.1 - 4.5 GHz",Luna Grey,Var,1080p,Intel Arc Graphics 130V,Daxili Intel,Wi-Fi 7 (802.11be),12 ay,317 × 228 × 15.45 mm,ƏS yoxdur
https://kontakt.az/notbuk-hp-probook-440-g8-2x7u7ea,Notbuk HP ProBook 440 G8 (2X7U7EA),HP,TM-DG-KOT-1114-NB-1631,"1.899,99",2599.99,Var,"70 Vt*s, 16 saatadək",Lenovo,SSD 512GB,"WUXGA (1920 × 1200), 60 Hz","14""","1× USB 3.2 Gen 1 Type-A, 1× Thunderbolt 4, 1× USB4, HDMI",İş və təhsil,"İngilis, Rus",Yoga 7 2in1 14ILL10,"LPDDR5X 16GB, 8533 MHz","Intel Core Ultra 5 226V, 2.1 - 4.5 GHz",Luna Grey,Var,1080p,Intel Arc Graphics 130V,Daxili Intel,Wi-Fi 7 (802.11be),12 ay,317 × 228 × 15.45 mm,ƏS yoxdur
https://kontakt.az/notbuk-lenovo-yoga-7-2in1-14ill10-83jq003grk,Notbuk Lenovo Yoga 7 2in1 14ILL10 (83JQ003GRK),Lenovo,TM-DG-KOT-1114-NB-3086,"1.899,99",2599.99,Var,"70 Vt*s, 16 saatadək",Lenovo,SSD 512GB,"WUXGA (1920 × 1200), 60 Hz","14""","1× USB 3.2 Gen 1 Type-A, 1× Thunderbolt 4, 1× USB4, HDMI",İş və təhsil,"İngilis, Rus",Yoga 7 2in1 14ILL10,"LPDDR5X 16GB, 8533 MHz","Intel Core Ultra 5 226V, 2.1 - 4.5 GHz",Luna Grey,Var,1080p,Intel Arc Graphics 130V,Daxili Intel,Wi-Fi 7 (802.11be),12 ay,317 × 228 × 15.45 mm,ƏS yoxdur
https://kontakt.az/notbuk-acer-nitro-v-15-anv15-52-788t-nh-qv3em-009,Notbuk Acer Nitro V 15 ANV15-52-788T (NH.QV3EM.009),Acer,TM-DG-KOT-1114-NB-3275,"1.899,99",2599.99,Var,"70 Vt*s, 16 saatadək",Lenovo,SSD 512GB,"WUXGA (1920 × 1200), 60 Hz","14""","1× USB 3.2 Gen 1 Type-A, 1× Thunderbolt 4, 1× USB4, HDMI",İş və təhsil,"İngilis, Rus",Yoga 7 2in1 14ILL10,"LPDDR5X 16GB, 8533 MHz","Intel Core Ultra 5 226V, 2.1 - 4.5 GHz",Luna Grey,Var,1080p,Intel Arc Graphics 130V,Daxili Intel,Wi-Fi 7 (802.11be),12 ay,317 × 228 × 15.45 mm,ƏS yoxdur
https://kontakt.az/notbuk-msi-thin-15-b13uc-3424xaz-9s7-16r831-3424,Notbuk MSI Thin 15 B13UC-3424XAZ (9S7-16R831-3424),MSI,TM-DG-KOT-1114-NB-3394,1569.99,,,,,,,,,,,,,,,,,,,,,,
https://kontakt.az/notbuk-msi-cyborg-17-b13wgkg-237xaz-9s7-17u332-237,Notbuk MSI Cyborg 17 B13WGKG-237XAZ (9S7-17U332-237),MSI,TM-DG-KOT-1114-NB-3417,"1.569,99",2099.99,Yox,"52.4 Vt*s, 6 saatadək",MSI,SSD 512GB,"FullHD (1920 × 1080), 144 Hz","15.6""","3× USB 3.2 Gen 1 Type-A, USB 3.2 Gen 1 Type-C, HDMI, Ethernet (RJ-45)",Oyun,"İngilis, Rus",Thin 15 B13UC-3424XAZ,"DDR4 16GB, 3200 MHz","Intel Core i5 13420H, 1.5 - 4.6 GHz",Cosmos Grey,Yox,720p,"GeForce RTX 3050, 4 GB",Xarici Nvidia,Wi-Fi 6E (802.11ax),12 ay,359 × 254 × 21.7 mm,FreeDos
https://kontakt.az/notbuk-lenovo-thinkpad-x1-carbon-gen-13-aura-edition-21nx00f8fw,Notbuk Lenovo ThinkPad X1 Carbon Gen 13 Aura Edition (21NX00F8FW),Lenovo,TM-DG-KOT-1114-NB-3246,4799.99,,,,,,,,,,,,,,,,,,,,,,
https://kontakt.az/notbuk-hp-15-fd1030ci-b5jr3ea,Notbuk HP 15-FD1030CI (B5JR3EA),HP,TM-DG-KOT-1114-NB-3327,1399.99,,,,,,,,,,,,,,,,,,,,,,
https://kontakt.az/notbuk-asus-tuf-fa808um-s8030-90nr0nn1-m001m0,Notbuk Asus TUF FA808UM-S8030 (90NR0NN1-M001M0),Asus,TM-DG-KOT-1114-NB-3133,2929.99,,,,,,,,,,,,,,,,,,,,,,
https://kontakt.az/notbuk-dell-vostro-3530-n012l555015emea-vp-ubu-az,Notbuk Dell Vostro 3530 (N012L555015EMEA_VP_UBU_AZ),Dell,TM-DG-KOT-1114-NB-2829,2999.99,,,,,,,,,,,,,,,,,,,,,,
https://kontakt.az/notbuk-honor-magicbook-x16-goh-x,Notbuk HONOR MagicBook X16 (GOH-X),HONOR,TM-DG-KOT-1114-NB-3449,"1.099,99",1299.99,Yox,"42 Vt*s, 6.7 saatadək",HONOR,SSD 512GB,"IPS (1920 × 1200), 60 Hz","16""","USB 3.2 Gen 1 Type-A, USB 3.2 Gen 2 Type-A, USB 3.2 Gen 1 Type-C, HDMI",İş və təhsil,İngilis,MagicBook X16,"LPDDR5X 16GB, 6400 MHz","AMD Ryzen 5 6600H, 3.3 - 4.5 GHz",Cloud Grey,Yox,720p,AMD Radeon 660M,Daxili AMD,Wi-Fi 6 (802.11ax),12 ay,358.2 × 254.3 × 19.9 mm,FreeDos
https://kontakt.az/notbuk-lenovo-ideapad-slim-5-16irh10r-83j1004trk,Notbuk Lenovo İdeaPad Slim 5 16IRH10R (83J1004TRK),Lenovo,TM-DG-KOT-1114-NB-2968,2069.99,,,,,,,,,,,,,,,,,,,,,,
https://kontakt.az/notbuk-apple-macbook-air-15-m4-sky-blue-mc7c4ru-a,Notbuk Apple MacBook Air 15 M4 Sky Blue MC7C4RU/A,Apple,TM-DG-KOT-1114-NB-2894,"2.679,99",3799.99,Yox,"90 Vt*s, 5 saatadək",Asus,SSD 512GB,"WUXGA (1920 × 1200), 144 Hz","18""","2× USB 3.2 Gen 2 Type-A, 1× USB 2.0 Type-A 1× USB 3.2 Gen 2 Type-C, 1× USB 4.0 Type-C, HDMI, Ethernet RJ45",Oyun,"İngilis, Rus",TUF FA808UH-S8052,"DDR5 16GB, 5600 MHz",AMD Ryzen 7 260U 3.8 - 5.1 GHz,Jaeger Gray,Yox,1080p,"GeForce RTX 5050, 8 GB",Xarici Nvidia,Wi-Fi 6E (802.11ax),12 ay,399 × 283 × 26.7 mm,FreeDos
https://kontakt.az/notbuk-lenovo-idea-pad-slim-5-15arp10-83j30044rk,Notbuk Lenovo IdeaPad Slim 5 15ARP10 (83J30044RK),Lenovo,TM-DG-KOT-1114-NB-2965,"2.679,99",3799.99,Yox,"90 Vt*s, 5 saatadək",Asus,SSD 512GB,"WUXGA (1920 × 1200), 144 Hz","18""","2× USB 3.2 Gen 2 Type-A, 1× USB 2.0 Type-A 1× USB 3.2 Gen 2 Type-C, 1× USB 4.0 Type-C, HDMI, Ethernet RJ45",Oyun,"İngilis, Rus",TUF FA808UH-S8052,"DDR5 16GB, 5600 MHz",AMD Ryzen 7 260U 3.8 - 5.1 GHz,Jaeger Gray,Yox,1080p,"GeForce RTX 5050, 8 GB",Xarici Nvidia,Wi-Fi 6E (802.11ax),12 ay,399 × 283 × 26.7 mm,FreeDos
https://kontakt.az/notbuk-asus-tuf-fa808uh-s8052-90nr0nm1-m002k0,Notbuk Asus TUF FA808UH-S8052 (90NR0NM1-M002K0),Asus,TM-DG-KOT-1114-NB-3124,2679.99,,,,,,,,,,,,,,,,,,,,,,
https://kontakt.az/notbuk-lenovo-ideapad-slim-5-16irh10-83hs0072rk,Notbuk Lenovo IdeaPad Slim 5 16IRH10 (83HS0072RK),Lenovo,TM-DG-KOT-1114-NB-2967,1849.99,,,,,,,,,,,,,,,,,,,,,,
https://kontakt.az/notbuk-asus-zenbook-14-ux3405ca-ql549-90nb14w4-m00t90,Notbuk Asus ZenBook 14 UX3405CA-QL549 (90NB14W4-M00T90),Asus,TM-DG-KOT-1114-NB-3305,1999.99,,,,,,,,,,,,,,,,,,,,,,
https://kontakt.az/notbuk-asus-rog-strix-g16-g615jpr-s5101-90nr0l91-m00480,Notbuk Asus ROG Strix G16 G615JPR-S5101 (90NR0L91-M00480),Asus,TM-DG-KOT-1114-NB-3391,"1.999,99",2999.99,Var,"75 Vt*s, 7.5 saatadək",Asus,SSD 512GB,"WUXGA (1920 × 1200), 60 Hz","14""","USB 3.2 Gen 1 Type-A, 2× Thunderbolt 4, HDMI",İş və təhsil,"İngilis, Rus",ZenBook 14 UX3405CA-QL549,"LPDDR5X 16GB, 4800 MHz","Intel Core Ultra 5 225H, 1.7-4.9 GHz",Foggy Silver,Var,1080p,Intel Arc Graphics,Daxili Intel,Wi-Fi 7 (802.11be),12 ay,312.4 × 220.1 × 14.9 mm,FreeDos
https://kontakt.az/notbuk-acer-nitro-anv15-51-nh-qnder-003,Notbuk Acer Nitro ANV15-51 (NH.QNDER.003),Acer,TM-DG-KOT-1114-NB-2812,1799.99,,,,,,,,,,,,,,,,,,,,,,
https://kontakt.az/notbuk-hp-probook-440-g8-3a5g8ea,Notbuk HP ProBook 440 G8 (3A5G8EA),HP,TM-DG-KOT-1114-NB-1632,"2.999,99",3899.99,Yox,"80 Vt*s, 5.6 saatadək",Lenovo,SSD 512GB,"WQXGA (2560 × 1600), 165 Hz","15.1""","3 × USB 3.2 Gen 2 Type-A, USB 3.2 Gen 1 Type-A, USB 4 Type-C, HDMI, Ethernet RJ45",Oyun,"İngilis, Rus",Legion 5 15AHP10,"DDR5 32GB, 5600 MHz","AMD Ryzen 7 260, 3.8 - 5.1 GHz",Eclipse Black,Yox,1080p,GeForce RTX 5060 8 GB,Xarici Nvidia,Wi-Fi 7 (802.11be),12 ay,344.9 × 255.35 × 21.54 mm,ƏS yoxdur
https://kontakt.az/notbuk-thinkbook-14-g8-irl-21sg008lrt,Notbuk Lenovo ThinkBook 14 G8 IRL  (21SG008LRT),Lenovo,TM-DG-KOT-1114-NB-2958,1869.99,,,,,,,,,,,,,,,,,,,,,,
https://kontakt.az/notbuk-lenovo-legion-5-15ahp10-83m00056rk,Notbuk Lenovo Legion 5 15AHP10 (83M00056RK),Lenovo,TM-DG-KOT-1114-NB-3234,2999.99,,,,,,,,,,,,,,,,,,,,,,
https://kontakt.az/notbuk-hp-15-fd1151ci-cv4c9ea,Notbuk HP 15-FD1151CI (CV4C9EA),HP,TM-DG-KOT-1114-NB-3468,1189.99,,,,,,,,,,,,,,,,,,,,,,
https://kontakt.az/notbuk-asus-tuf-f16-fx608jhr-rv088-90nr0na1-m004u0,Notbuk Asus TUF F16 FX608JHR-RV088 (90NR0NA1-M004U0),Asus,TM-DG-KOT-1114-NB-3390,"1.189,99",1649.99,Yox,"41 Vt*s, 6 saatadək",HP,SSD 512GB,"FullHD (1920 × 1080), 60 Hz","15.6""","2x USB 3.2 Gen 1 Type-A, 1x USB 3.2 Gen 2 Type-C, HDMI",İş və təhsil,"İngilis, Rus",15-FD1151CI,"DDR5 24GB, 5600 MHz","Intel Core Ultra 5 125H, 1.8 - 4.50 GHz",Silver,Yox,720p,Intel Arc Graphics,Daxili Intel,Wi-Fi 6 (802.11ax),12 ay,359.8 × 236 × 18.6 mm,FreeDos
https://kontakt.az/notbuk-lenovo-loq-15arp10e-83s00009rk,Notbuk Lenovo LOQ 15ARP10E (83S00009RK),Lenovo,TM-DG-KOT-1114-NB-3459,1999.99,,,,,,,,,,,,,,,,,,,,,,
https://kontakt.az/notbuk-asus-vivobook-s16-s3607va-rp096-90nb1671-m007n0,Notbuk Asus VivoBook S16 S3607VA-RP096 (90NB1671-M007N0),Asus,TM-DG-KOT-1114-NB-3295,1449.99,,,,,,,,,,,,,,,,,,,,,,
https://kontakt.az/notbuk-lenovo-ideapad-slim-5-14irh10r-83j0006prk,Notbuk Lenovo IdeaPad Slim 5 14IRH10R (83J0006PRK),Lenovo,TM-DG-KOT-1114-NB-3179,1899.99,,,,,,,,,,,,,,,,,,,,,,
https://kontakt.az/notbuk-lenovo-thinkpad-e16-g2-21ma005ert,Notbuk Lenovo ThinkPad E16 G2 (21MA005ERT),Lenovo,TM-DG-KOT-1114-NB-3016,1849.99,,,,,,,,,,,,,,,,,,,,,,
https://kontakt.az/notbuk-lenovo-thinkpad-e16-gen3-21sr004sfw,Notbuk Lenovo ThinkPad E16 Gen3 (21SR004SFW),Lenovo,TM-DG-KOT-1114-NB-3093,"1.499,99",1999.99,Yox,"70 Vt*s, 7 saatadək",Asus,SSD 512GB,"WUXGA (1920 × 1200), 120 Hz","16""","2× USB 3.2 Gen 1 Type-A, 2× USB 3.2 Gen 1 Type-C, HDMI",İş və təhsil,"İngilis, Rus",VivoBook S16 M3607HA-RP012,"DDR5 16GB, 4800 MHz","AMD Ryzen 5 220, 3.2 - 4.9 GHz",Cool Silver,Yox,1080p,AMD Radeon Graphics,Daxili AMD,Wi-Fi 6 (802.11ax),12 ay,357 × 250.6 × 17.9 mm,FreeDos
https://kontakt.az/notbuk-lenovo-thinkpad-e14-gen7-21sx004ufw,Notbuk Lenovo ThinkPad E14 Gen7 (21SX004UFW),Lenovo,TM-DG-KOT-1114-NB-3380,1949.99,,,,,,,,,,,,,,,,,,,,,,
https://kontakt.az/notbuk-asus-vivobook-s16-m3607ha-rp012-90nb16f2-m005a0,Notbuk Asus VivoBook S16 M3607HA-RP012 (90NB16F2-M005A0),Asus,TM-DG-KOT-1114-NB-3296,1499.99,,,,,,,,,,,,,,,,,,,,,,
https://kontakt.az/notbuk-lenovo-thinkpad-x1-carbon-gen-13-aura-edtion-21nx00a7fw,Notbuk Lenovo ThinkPad X1 Carbon Gen 13 Aura Edtion (21NX00A7FW),Lenovo,TM-DG-KOT-1114-NB-3384,4899.99,,,,,,,,,,,,,,,,,,,,,,
https://kontakt.az/notbuk-lenovo-v14-g5-irl-83gu0086fw,Notbuk Lenovo V14 G5 IRL (83GU0086FW),Lenovo,TM-DG-KOT-1114-NB-3399,1449.99,,,,,,,,,,,,,,,,,,,,,,
https://kontakt.az/notbuk-lenovo-thinkpad-x1-2in1-gen-9-21ke006art,Notbuk Lenovo ThinkPad X1 2in1 Gen 9 (21KE006ART),Lenovo,TM-DG-KOT-1114-NB-2693,"1.449,99",1999.99,Yox,"47 Vt*s, 9 saatadək",Lenovo,SSD 512GB,"FullHD (1920 × 1080), 60 Hz","14""","2× USB 3.2 Gen 1 Type-A, USB 3.2 Gen 1 Type-C, HDMI, Ethernet (RJ-45)",İş və təhsil,"İngilis, Rus",V14 G5 IRL,"DDR5 16GB, 5200 MHz","Intel Core i7 13620H, 1.8 - 4.9 GHz",Business Black,Yox,720p,Intel UHD Graphics,Daxili Intel,Wi-Fi 6 (802.11ax),12 ay,324.2 × 215.2 × 17.9 mm,ƏS yoxdur
https://kontakt.az/notbuk-asus-rog-strix-g16-g614fm-s5076-90nr0l17-m003e0,Notbuk Asus ROG Strix G16 G614FM-S5076 (90NR0L17-M003E0),Asus,TM-DG-KOT-1114-NB-3434,3749.99,,,,,,,,,,,,,,,,,,,,,,
https://kontakt.az/notbuk-lenovo-thinkpad-e16-gen-2-21ma0059rt,Notbuk Lenovo ThinkPad E16 Gen 2 (21MA0059RT),Lenovo,TM-DG-KOT-1114-NB-2821,2749.99,,,,,,,,,,,,,,,,,,,,,,
https://kontakt.az/notbuk-apple-macbook-pro-14-mde04ru-a-space-black,Notbuk Apple MacBook Pro 14 MDE04RU/A Space Black,Apple,TM-DG-KOT-1114-NB-3220,3899.99,,,,,,,,,,,,,,,,,,,,,,
https://kontakt.az/notbuk-asus-rog-strix-g18-g814pm-s9027-90nr0l28-m001n0,Notbuk Asus ROG Strix G18 G814PM-S9027 (90NR0L28-M001N0),Asus,TM-DG-KOT-1114-NB-3436,3489.99,,,,,,,,,,,,,,,,,,,,,,
https://kontakt.az/notbuk-hp-250r-g10-ad1u0et,Notbuk HP 250R G10 (AD1U0ET),HP,TM-DG-KOT-1114-NB-3335,"1.349,99",1749.99,Yox,"41 Vt*s, 6.5 saatadək",HP,SSD 512GB,"FullHD (1920 × 1080), 60 Hz","15.6""","2x USB 3.2 Gen 1 Type-A, 1x USB 3.2 Gen 2 Type-C, HDMI",İş və təhsil,"İngilis, Rus",15-FD1011CI,"DDR4 16GB, 3200 MHz","Intel Core i5 120U, 1.4 - 5 GHz",Natural Silver,Yox,720p,Intel Graphics,Daxili Intel,Wi-Fi 6E (802.11ax),12 ay,359.8 × 236 × 18.6 mm,FreeDos
https://kontakt.az/notbuk-hp-15-fd1011ci-a33d5ea,Notbuk HP 15-FD1011CI (A33D5EA),HP,TM-DG-KOT-1114-NB-3276,1349.99,,,,,,,,,,,,,,,,,,,,,,
https://kontakt.az/notbuk-lenovo-thinkbook-g7-qoy-21nh000gru,Notbuk Lenovo ThinkBook G7 QOY (21NH000GRU),Lenovo,TM-DG-KOT-1114-NB-2822,2299.99,,,,,,,,,,,,,,,,,,,,,,
https://kontakt.az/notbuk-hp-probook-460-g11-a23bgea,Notbuk HP ProBook 460 G11 (A23BGEA),HP,TM-DG-KOT-1114-NB-3373,"1.349,99",1749.99,Yox,"41 Vt*s, 6.5 saatadək",HP,SSD 512GB,"FullHD (1920 × 1080), 60 Hz","15.6""","2x USB 3.2 Gen 1 Type-A, 1x USB 3.2 Gen 2 Type-C, HDMI",İş və təhsil,"İngilis, Rus",15-FD1011CI,"DDR4 16GB, 3200 MHz","Intel Core i5 120U, 1.4 - 5 GHz",Natural Silver,Yox,720p,Intel Graphics,Daxili Intel,Wi-Fi 6E (802.11ax),12 ay,359.8 × 236 × 18.6 mm,FreeDos
https://kontakt.az/notbuk-asus-rog-strix-scar-18-g835lr-sa005-90nr0ls1-m00050,Notbuk Asus ROG Strix Scar 18 G835LR-SA005 (90NR0LS1-M00050),Asus,TM-DG-KOT-1114-NB-3439,"6.289,99",8999.99,Yox,"90 Vt*s, 5 saatadək",Asus,SSD 2 TB,"WQXGA (2560 × 1600), 240 Hz","18""","3× USB 3.2 Gen 2 Type-A, 2× Thunderbolt 5, HDMI, Ethernet (RJ-45)",Oyun,"İngilis, Rus",ROG Strix Scar 18 G835LR-SA005,"DDR5 32GB, 5600 MHz",Intel Core Ultra 9 275HX 2.7 - 5.4 GHz,Off Black,Yox,1080p,"GeForce RTX 5070 Ti, 12 GB",Xarici Nvidia,Wi-Fi 7 (802.11be),12 ay,399 × 298 × 32 mm,FreeDos
https://kontakt.az/notbuk-asus-expertbook-b2-b2502cva-kj0173-90nx06f1-m00620,Notbuk Asus ExpertBook B2 B2502CVA-KJ0173 (90NX06F1-M00620),Asus,TM-DG-KOT-1114-NB-2694,1899.99,,,,,,,,,,,,,,,,,,,,,,
https://kontakt.az/notbuk-asus-vivobook-s14-s3407ca-ly014-90nb16j1-m006t0,Notbuk Asus VivoBook S14 S3407CA-LY014 (90NB16J1-M006T0),Asus,TM-DG-KOT-1114-NB-3299,1649.99,,,,,,,,,,,,,,,,,,,,,,
https://kontakt.az/notbuk-asus-zenbook-duo-oled-ux8406ca-ql080w-90nb14x1-m00340,Notbuk Asus ZenBook Duo OLED UX8406CA-QL080W (90NB14X1-M00340),Asus,TM-DG-KOT-1114-NB-3014,3499.99,,,,,,,,,,,,,,,,,,,,,,
https://kontakt.az/notbuk-apple-macbook-pro-14-mde34ru-a-space-black,Notbuk Apple MacBook Pro 14 MDE34RU/A Space Black,Apple,TM-DG-KOT-1114-NB-3225,4899.99,,,,,,,,,,,,,,,,,,,,,,
https://kontakt.az/notbuk-asus-vivobook-s14-oled-m5406wa-pp067-90nb14p1-m003e0,Notbuk Asus VivoBook S14 OLED M5406WA-PP067 (90NB14P1-M003E0),Asus,TM-DG-KOT-1114-NB-2698,"5.299,99",6999.99,Yox,"57 Vt*s, 13.9 saatadək",Lenovo,SSD 512GB,"WUXGA (1920 × 1200), 60 Hz","14""","2× USB 3.2 Gen 1 Type-A, 2× Thunderbolt 4, HDMI",İş və təhsil,"İngilis, Rus",ThinkPad X1 Carbon Gen 13 Aura Edtion,"LPDDR5X 32GB, 8533 MHz","Intel Core Ultra 7 258V, 2.2 - 4.8 GHz",Black,Var,1080p,Intel Arc Graphics,Daxili Intel,Wi-Fi 7 (802.11be),12 ay,312.8 × 214.75 × 17.95 mm,Win11 Pro
https://kontakt.az/notbuk-asus-vivobook-s14-s3407ca-ly013-90nb16j2-m006r0,Notbuk Asus VivoBook S14 S3407CA-LY013 (90NB16J2-M006R0),Asus,TM-DG-KOT-1114-NB-3205,"5.299,99",6999.99,Yox,"57 Vt*s, 13.9 saatadək",Lenovo,SSD 512GB,"WUXGA (1920 × 1200), 60 Hz","14""","2× USB 3.2 Gen 1 Type-A, 2× Thunderbolt 4, HDMI",İş və təhsil,"İngilis, Rus",ThinkPad X1 Carbon Gen 13 Aura Edtion,"LPDDR5X 32GB, 8533 MHz","Intel Core Ultra 7 258V, 2.2 - 4.8 GHz",Black,Var,1080p,Intel Arc Graphics,Daxili Intel,Wi-Fi 7 (802.11be),12 ay,312.8 × 214.75 × 17.95 mm,Win11 Pro
https://kontakt.az/notbuk-lenovo-thinkpad-x1-carbon-gen-13-aura-edtion-21ns004wfw,Notbuk Lenovo ThinkPad X1 Carbon Gen 13 Aura Edtion (21NS004WFW),Lenovo,TM-DG-KOT-1114-NB-3385,"5.299,99",6999.99,Yox,"57 Vt*s, 13.9 saatadək",Lenovo,SSD 512GB,"WUXGA (1920 × 1200), 60 Hz","14""","2× USB 3.2 Gen 1 Type-A, 2× Thunderbolt 4, HDMI",İş və təhsil,"İngilis, Rus",ThinkPad X1 Carbon Gen 13 Aura Edtion,"LPDDR5X 32GB, 8533 MHz","Intel Core Ultra 7 258V, 2.2 - 4.8 GHz",Black,Var,1080p,Intel Arc Graphics,Daxili Intel,Wi-Fi 7 (802.11be),12 ay,312.8 × 214.75 × 17.95 mm,Win11 Pro
https://kontakt.az/notbuk-asus-rog-strix-g16-g615lr-s5192-90nr0lr1-m007s0,Notbuk Asus ROG Strix G16 G615LR-S5192 (90NR0LR1-M007S0),Asus,TM-DG-KOT-1114-NB-3426,"5.299,99",6999.99,Yox,"57 Vt*s, 13.9 saatadək",Lenovo,SSD 512GB,"WUXGA (1920 × 1200), 60 Hz","14""","2× USB 3.2 Gen 1 Type-A, 2× Thunderbolt 4, HDMI",İş və təhsil,"İngilis, Rus",ThinkPad X1 Carbon Gen 13 Aura Edtion,"LPDDR5X 32GB, 8533 MHz","Intel Core Ultra 7 258V, 2.2 - 4.8 GHz",Black,Var,1080p,Intel Arc Graphics,Daxili Intel,Wi-Fi 7 (802.11be),12 ay,312.8 × 214.75 × 17.95 mm,Win11 Pro
https://kontakt.az/notbuk-asus-vivobook-s-s3407ca-ly007-90nb16j2-m006s0,Notbuk Asus VivoBook S S3407CA-LY007 (90NB16J2-M006S0),Asus,TM-DG-KOT-1114-NB-3274,"5.299,99",6999.99,Yox,"57 Vt*s, 13.9 saatadək",Lenovo,SSD 512GB,"WUXGA (1920 × 1200), 60 Hz","14""","2× USB 3.2 Gen 1 Type-A, 2× Thunderbolt 4, HDMI",İş və təhsil,"İngilis, Rus",ThinkPad X1 Carbon Gen 13 Aura Edtion,"LPDDR5X 32GB, 8533 MHz","Intel Core Ultra 7 258V, 2.2 - 4.8 GHz",Black,Var,1080p,Intel Arc Graphics,Daxili Intel,Wi-Fi 7 (802.11be),12 ay,312.8 × 214.75 × 17.95 mm,Win11 Pro
https://kontakt.az/notbuk-huawei-matebook-d-16-53014mtx,Notbuk HUAWEI MateBook D 16 53014MTX,HUAWEI,TM-DG-KOT-1114-NB-3420,1299.99,,,,,,,,,,,,,,,,,,,,,,
https://kontakt.az/notbuk-lenovo-thinkpad-t14-gen-5-21ml0034rt,Notbuk Lenovo ThinkPad T14 Gen 5 (21ML0034RT),Lenovo,TM-DG-KOT-1114-NB-2823,3139.99,,,,,,,,,,,,,,,,,,,,,,
https://kontakt.az/notbuk-lenovo-thinkpad-t16-gen-4-21qe0063fw,Notbuk Lenovo ThinkPad T16 Gen 4 (21QE0063FW),Lenovo,TM-DG-KOT-1114-NB-3396,"1.749,99",2399.99,Yox,"70 Vt*s, 7 saatadək",Asus,SSD 512GB,"FullHD (1920 × 1200), 60 Hz","16""","2× USB 3.2 Gen 1 Type-A, 2× USB 3.2 Gen 1 Type-C, HDMI",İş və təhsil,"İngilis, Rus",VivoBook S16 S3607CA-SH107,"DDR5 16GB, 4800 MHz","Intel Core Ultra 5 225H, 1.7-4.9 GHz",Matte Gray,Yox,1080p,Intel Arc Graphics,Daxili Intel,Wi-Fi 6 (802.11ax),12 ay,357 × 250.6 × 17.9 mm,FreeDos
https://kontakt.az/notbuk-hp-omnibook-5-ai-16-af1014ci-bk9y9ea,Notbuk HP OmniBook 5 AI 16-AF1014CI (BK9Y9EA),HP,TM-DG-KOT-1114-NB-3261,"1.749,99",2399.99,Yox,"70 Vt*s, 7 saatadək",Asus,SSD 512GB,"FullHD (1920 × 1200), 60 Hz","16""","2× USB 3.2 Gen 1 Type-A, 2× USB 3.2 Gen 1 Type-C, HDMI",İş və təhsil,"İngilis, Rus",VivoBook S16 S3607CA-SH107,"DDR5 16GB, 4800 MHz","Intel Core Ultra 5 225H, 1.7-4.9 GHz",Matte Gray,Yox,1080p,Intel Arc Graphics,Daxili Intel,Wi-Fi 6 (802.11ax),12 ay,357 × 250.6 × 17.9 mm,FreeDos
https://kontakt.az/notbuk-asus-vivobook-s16-s3607ca-sh107-90nb16i2-m007m0,Notbuk Asus VivoBook S16 S3607CA-SH107 (90NB16I2-M007M0),Asus,TM-DG-KOT-1114-NB-3300,"1.749,99",2399.99,Yox,"70 Vt*s, 7 saatadək",Asus,SSD 512GB,"FullHD (1920 × 1200), 60 Hz","16""","2× USB 3.2 Gen 1 Type-A, 2× USB 3.2 Gen 1 Type-C, HDMI",İş və təhsil,"İngilis, Rus",VivoBook S16 S3607CA-SH107,"DDR5 16GB, 4800 MHz","Intel Core Ultra 5 225H, 1.7-4.9 GHz",Matte Gray,Yox,1080p,Intel Arc Graphics,Daxili Intel,Wi-Fi 6 (802.11ax),12 ay,357 × 250.6 × 17.9 mm,FreeDos
https://kontakt.az/notbuk-asus-zenbook-s-14-oled-ux5406sa-pz365w-90nb14f4-m00mv0,Notbuk Asus ZenBook S 14 OLED UX5406SA-PZ365W (90NB14F4-M00MV0),Asus,TM-DG-KOT-1114-NB-3013,3789.99,,,,,,,,,,,,,,,,,,,,,,
https://kontakt.az/notbuk-lenovo-thinkpad-e16-gen3-21sr0049fw,Notbuk Lenovo ThinkPad E16 Gen3 (21SR0049FW),Lenovo,TM-DG-KOT-1114-NB-3092,"2.299,99",3399.99,Yox,"64 Vt*s, 8 saatadək",Lenovo,SSD 512GB,"WUXGA (1920 × 1200), 60 Hz","16""","1× USB-A 3.2 Gen 1, 1× USB-A 3.2 Gen 2, 1× USB-C 3.2 Gen 2x2, 1× USB-C Thunderbolt™ 4, HDMI, Ethernet RJ45",İş və təhsil,"İngilis, Rus",ThinkPad E16 Gen 3,"DDR5 16GB, 5600 MHz","Intel Core Ultra 7 255H, 2.0 - 5.1 GHz",Black,Yox,1080p,Intel Arc Graphics 140T,Daxili Intel,Wi-Fi 6E (802.11ax),12 ay,356 × 249 × 21.15 mm,ƏS yoxdur
https://kontakt.az/notbuk-asus-vivobook-15-x1504va-bq4479-90nb10j1-m04a20,Notbuk Asus VivoBook 15 X1504VA-BQ4479 (90NB10J1-M04A20),Asus,TM-DG-KOT-1114-NB-3400,1379.99,,,,,,,,,,,,,,,,,,,,,,
https://kontakt.az/notbuk-thinkpad-e14-g6-21m7002rrt,Notbuk Lenovo ThinkPad E14 G6 (21M7002RRT),Lenovo,TM-DG-KOT-1114-NB-2959,1989.99,,,,,,,,,,,,,,,,,,,,,,
https://kontakt.az/notbuk-huawei-matebook-d-16-53014mua,Notbuk HUAWEI MateBook D 16 53014MUA,HUAWEI,TM-DG-KOT-1114-NB-3419,"3.579,99",4699.99,Yox,"84 Vt*s, 6 saatadək",Lenovo,SSD 1 TB,"3K OLED (3000 × 1876), 120 Hz","14.5""","2× USB 3.2 Gen 1 Type-A, 2× Thunderbolt 4, HDMI",Premium,"İngilis, Rus",Yoga Pro 7 14IAH10,"DDR5 32GB, 8533 MHz","Intel Core Ultra 9 285H, 2.7 - 5.4 GHz",Luna Grey,Var,5 MP (1080p),Intel Arc Graphics 140T,Daxili Intel,Wi-Fi 7 (802.11be),12 ay,325.3 × 228.1 × 16.9 mm,Win11 Home
https://kontakt.az/notbuk-asus-vivobook-16-m3607ha-sh097-90nb16f1-m006d0,Notbuk Asus VivoBook 16 M3607HA-SH097 (90NB16F1-M006D0),Asus,TM-DG-KOT-1114-NB-3303,1849.99,,,,,,,,,,,,,,,,,,,,,,
https://kontakt.az/notbuk-lenovo-yoga-7-pro-14iah10-83kf002lrk,Notbuk Lenovo Yoga 7 Pro 14IAH10 (83KF002LRK),Lenovo,TM-DG-KOT-1114-NB-3414,3579.99,,,,,,,,,,,,,,,,,,,,,,
https://kontakt.az/notbuk-hp-omnibook-5-16-af1001c-bm0q2ea,Notbuk HP OmniBook 5 16-AF1001C (BM0Q2EA),HP,TM-DG-KOT-1114-NB-3334,1749.99,,,,,,,,,,,,,,,,,,,,,,
https://kontakt.az/notbuk-apple-macbook-pro-14-mde64ru-a-silver,Notbuk Apple MacBook Pro 14 MDE64RU/A Silver,Apple,TM-DG-KOT-1114-NB-3224,4899.99,,,,,,,,,,,,,,,,,,,,,,
https://kontakt.az/notbuk-hp-probook-4-g1i-14-ad2m0et,Notbuk HP ProBook 4 G1I 14 (AD2M0ET),HP,TM-DG-KOT-1114-NB-3339,"1.449,99",1999.99,Yox,"51 Vt*s, 5 saatadək",HP,SSD 512GB,"FullHD (1920 × 1080), 60 Hz","14""","2x USB Type-A, 2x USB Type-C, HDMI, Ethernet RJ-45",İş və təhsil,"İngilis, Rus",ProBook 440 G10,"DDR4 8GB, 3200 MHz","Intel Core i5 1334U, 0.9 - 4.6 GHz",Pike Silver Aluminum,Yox,720p,Intel Iris Xe Graphics,Daxili Intel,Wi-Fi 6E (802.11ax),12 ay,321.9 × 213.9 × 19.9 mm,FreeDos
https://kontakt.az/notbuk-hp-probook-440-g10-9g1q5et,Notbuk HP ProBook 440 G10 (9G1Q5ET),HP,TM-DG-KOT-1114-NB-3329,"1.449,99",1999.99,Yox,"51 Vt*s, 5 saatadək",HP,SSD 512GB,"FullHD (1920 × 1080), 60 Hz","14""","2x USB Type-A, 2x USB Type-C, HDMI, Ethernet RJ-45",İş və təhsil,"İngilis, Rus",ProBook 440 G10,"DDR4 8GB, 3200 MHz","Intel Core i5 1334U, 0.9 - 4.6 GHz",Pike Silver Aluminum,Yox,720p,Intel Iris Xe Graphics,Daxili Intel,Wi-Fi 6E (802.11ax),12 ay,321.9 × 213.9 × 19.9 mm,FreeDos
https://kontakt.az/notbuk-lenovo-thinkpad-x9-14-gen-1-aura-edition-21qa0086fw,Notbuk Lenovo ThinkPad X9-14 Gen 1 Aura Edition (21QA0086FW),Lenovo,TM-DG-KOT-1114-NB-3244,"1.449,99",1999.99,Yox,"51 Vt*s, 5 saatadək",HP,SSD 512GB,"FullHD (1920 × 1080), 60 Hz","14""","2x USB Type-A, 2x USB Type-C, HDMI, Ethernet RJ-45",İş və təhsil,"İngilis, Rus",ProBook 440 G10,"DDR4 8GB, 3200 MHz","Intel Core i5 1334U, 0.9 - 4.6 GHz",Pike Silver Aluminum,Yox,720p,Intel Iris Xe Graphics,Daxili Intel,Wi-Fi 6E (802.11ax),12 ay,321.9 × 213.9 × 19.9 mm,FreeDos
https://kontakt.az/notbuk-hp-omnibook-5-16-bc1004ci-c16lhea,Notbuk HP OmniBook 5 16-BC1004CI (C16LHEA),HP,TM-DG-KOT-1114-NB-3331,"1.449,99",1999.99,Yox,"51 Vt*s, 5 saatadək",HP,SSD 512GB,"FullHD (1920 × 1080), 60 Hz","14""","2x USB Type-A, 2x USB Type-C, HDMI, Ethernet RJ-45",İş və təhsil,"İngilis, Rus",ProBook 440 G10,"DDR4 8GB, 3200 MHz","Intel Core i5 1334U, 0.9 - 4.6 GHz",Pike Silver Aluminum,Yox,720p,Intel Iris Xe Graphics,Daxili Intel,Wi-Fi 6E (802.11ax),12 ay,321.9 × 213.9 × 19.9 mm,FreeDos
https://kontakt.az/notbuk-hp-probook-440-g10-ak9m2at,Notbuk HP ProBook 440 G10 (AK9M2AT),HP,TM-DG-KOT-1114-NB-3330,"1.449,99",1999.99,Yox,"51 Vt*s, 5 saatadək",HP,SSD 512GB,"FullHD (1920 × 1080), 60 Hz","14""","2x USB Type-A, 2x USB Type-C, HDMI, Ethernet RJ-45",İş və təhsil,"İngilis, Rus",ProBook 440 G10,"DDR4 8GB, 3200 MHz","Intel Core i5 1334U, 0.9 - 4.6 GHz",Pike Silver Aluminum,Yox,720p,Intel Iris Xe Graphics,Daxili Intel,Wi-Fi 6E (802.11ax),12 ay,321.9 × 213.9 × 19.9 mm,FreeDos
https://kontakt.az/notbuk-asus-rog-strix-g18-g815jmr-s9092-90nr0le1-m004u0,Notbuk Asus ROG Strix G18 G815JMR-S9092 (90NR0LE1-M004U0),Asus,TM-DG-KOT-1114-NB-3437,4189.99,,,,,,,,,,,,,,,,,,,,,,
https://kontakt.az/notbuk-lenovo-thinkbook-2in1-21mxa04hru,Notbuk Lenovo ThinkBook 2in1 (21MXA04HRU),Lenovo,TM-DG-KOT-1114-NB-2819,"4.189,99",6199.99,Yox,"90 Vt*s, 5 saatadək",Asus,SSD 1 TB,"WQXGA (2560 × 1600), 240 Hz","18""","3x USB 3.2 Gen 2 Type-A, 1x USB 3.2 Gen 2 Type-C, 1x Thunderbolt 4, HDMI, Ethernet RJ45",Oyun,"İngilis, Rus",ROG Strix G18 G815JMR-S9092,"DDR5 16GB, 5600 MHz","Intel Core i9 14900HX, 2.2 - 5.8 GHz",Eclipse Gray,Yox,1080p,GeForce RTX 5060 8 GB,Xarici Nvidia,Wi-Fi 7 (802.11be),12 ay,399 × 299 × 32 mm,FreeDos
https://kontakt.az/notbuk-lenovo-thinkbook-16-g8-21sh009grt,Notbuk Lenovo ThinkBook 16 G8 (21SH009GRT),Lenovo,TM-DG-KOT-1114-NB-3377,1899.99,,,,,,,,,,,,,,,,,,,,,,
https://kontakt.az/notbuk-asus-expertbook-p1-p1503cva-s72252-90nx0881-m02w50,Notbuk Asus ExpertBook P1 P1503CVA-S72252 (90NX0881-M02W50),Asus,TM-DG-KOT-1114-NB-3410,1349.99,,,,,,,,,,,,,,,,,,,,,,
https://kontakt.az/notbuk-asus-rog-strix-g16-g614fr-rv008-90nr0nk7-m000b0,Notbuk Asus ROG Strix G16 G614FR-RV008 (90NR0NK7-M000B0) ,Asus,TM-DG-KOT-1114-NB-3435,4389.99,,,,,,,,,,,,,,,,,,,,,,
https://kontakt.az/notbuk-asus-rog-strix-g16-g614fm-s5031-90nr0l17-m002b0,Notbuk Asus ROG Strix G16 G614FM-S5031 (90NR0L17-M002B0),Asus,TM-DG-KOT-1114-NB-3433,3489.99,,,,,,,,,,,,,,,,,,,,,,
https://kontakt.az/notbuk-hp-probook-440-g10-a38g6et,Notbuk HP ProBook 440 G10 (A38G6ET),HP,TM-DG-KOT-1114-NB-3343,"3.489,99",4999.99,Yox,"90 Vt*s, 5 saatadək",Asus,SSD 1 TB,"WQXGA (2560 × 1600), 240 Hz","16""","2× USB 3.2 Gen 2 Type-A, 2× USB 4.0 Type-C, HDMI, Ethernet RJ45",Oyun,"İngilis, Rus",ROG Strix G16 G614FM-S5031,"DDR5 16GB, 5600 MHz","AMD Ryzen 9 9955HX, 2.5 - 5.4 GHz",Eclipse Gray,Yox,1080p,GeForce RTX 5060 8 GB,Xarici Nvidia,Wi-Fi 6E (802.11ax),12 ay,354 × 264 × 30.4 mm,FreeDos
https://kontakt.az/notbuk-apple-macbook-pro-14-mx2e3ru-a-silver,Notbuk Apple MacBook Pro 14 M4 Pro Silver MX2E3RU/A,Apple,TM-DG-KOT-1114-NB-2747,4799.99,,,,,,,,,,,,,,,,,,,,,,
https://kontakt.az/notbuk-hp-omnibook-5-16-af1013ci-bk9y8ea,Notbuk HP OmniBook 5 16-AF1013CI (BK9Y8EA),HP,TM-DG-KOT-1114-NB-3347,1949.99,,,,,,,,,,,,,,,,,,,,,,
https://kontakt.az/notbuk-hp-elitebook-8-g1i-14-ad4m0et,Notbuk HP EliteBook 8 G1I 14 (AD4M0ET),HP,TM-DG-KOT-1114-NB-3375,"4.699,99",5999.99,Yox,"55 Vt*s, 13.5 saatadək",Lenovo,SSD 1 TB,"2.8K (2880 × 1800), 120 Hz","14""","2× Thunderbolt 4, HDMI",Premium,"İngilis, Rus",ThinkPad X9-15 Gen 1 Aura Edition,"LPDDR5X 32GB, 8533 MHz","Intel Core Ultra 7 258V, 2.2 - 4.8 GHz",Grey,Var,1080p,Intel Arc Graphics,Daxili Intel,Wi-Fi 7 (802.11be),12 ay,311.8 × 212.3 × 17.18 mm,Win11 Pro
https://kontakt.az/notbuk-lenovo-thinkpad-x9-15-gen-1-aura-edition-21qa001frt,Notbuk Lenovo ThinkPad X9-15 Gen 1 Aura Edition (21QA001FRT),Lenovo,TM-DG-KOT-1114-NB-3386,"4.699,99",5999.99,Yox,"55 Vt*s, 13.5 saatadək",Lenovo,SSD 1 TB,"2.8K (2880 × 1800), 120 Hz","14""","2× Thunderbolt 4, HDMI",Premium,"İngilis, Rus",ThinkPad X9-15 Gen 1 Aura Edition,"LPDDR5X 32GB, 8533 MHz","Intel Core Ultra 7 258V, 2.2 - 4.8 GHz",Grey,Var,1080p,Intel Arc Graphics,Daxili Intel,Wi-Fi 7 (802.11be),12 ay,311.8 × 212.3 × 17.18 mm,Win11 Pro
https://kontakt.az/notbuk-huawei-matebook-14-53014hyb-space-gray,Notbuk HUAWEI MateBook 14 (53014HYB) Space Gray,HUAWEI,TM-DG-KOT-1114-NB-3198,1749.99,,,,,,,,,,,,,,,,,,,,,,
https://kontakt.az/notbuk-apple-macbook-air-13-m4-mc6a4ru-a-starlight,Notbuk Apple MacBook Air 13 (M4) MC6A4RU/A Starlight,Apple,TM-DG-KOT-1114-NB-3270,3399.99,,,,,,,,,,,,,,,,,,,,,,
https://kontakt.az/notbuk-asus-vivobook-s-e1504fa-bq090-90nb16f2-m009c0,Notbuk Asus VivoBook S E1504FA-BQ090 (90NB16F2-M009C0),Asus,TM-DG-KOT-1114-NB-3297,1399.99,,,,,,,,,,,,,,,,,,,,,,
https://kontakt.az/notbuk-lenovo-thinkpad-e14-gen-4-21e4s2u7-rt,Notbuk Lenovo ThinkPad E14 Gen 4 (21E4S2U7-RT),Lenovo,TM-DG-KOT-1114-NB-3455,1249.99,,,,,,,,,,,,,,,,,,,,,,
https://kontakt.az/notbuk-asus-zenbook-s-14-oled-ux5406sa-pv037w-90nb14f2-m007z0,Notbuk Asus ZenBook S 14 OLED UX5406SA-PV037W (90NB14F2-M007Z0),Asus,TM-DG-KOT-1114-NB-3009,2859.99,,,,,,,,,,,,,,,,,,,,,,
https://kontakt.az/notbuk-hp-victus-15-fa2044ci-d15zgea,Notbuk HP Victus 15-FA2044CI (D15ZGEA),HP,TM-DG-KOT-1114-NB-3463,"2.859,99",3749.99,Yox,"72 Vt*s, 8 saatadək",Asus,SSD 512GB,"3K (2880 × 1800), 120 Hz","14""","1x USB 3.2 Gen 2 Type-A, 2x Thunderbolt 4, HDMI",İş və təhsil,"İngilis, Rus",ZenBook S 14 OLED UX5406SA-PV037W,"LPDDR5X 16GB, 10700 MHz","Intel Core Ultra 5 226V, 2.1 - 4.5 GHz",Scandinavian White,Yox,1080p,Intel Arc Graphics,Daxili Intel,Wi-Fi 7 (802.11be),12 ay,310.3 × 214.7 × 12.9 mm,Win11 Home
https://kontakt.az/notbuk-asus-vivobook-s16-m3607ha-sh149-90nb16f1-m00920,Notbuk Asus VivoBook S16 M3607HA-SH149 (90NB16F1-M00920),Asus,TM-DG-KOT-1114-NB-3302,1749.99,,,,,,,,,,,,,,,,,,,,,,
https://kontakt.az/notbuk-hp-15-fd1149ci-cv4c8ea,Notbuk HP 15-FD1150CI (CV4C8EA),HP,TM-DG-KOT-1114-NB-3471,1189.99,,,,,,,,,,,,,,,,,,,,,,
https://kontakt.az/notbuk-asus-zenbook-s-14-oled-ux5406sa-pv036w-90nb14f1-m007v0,Notbuk Asus ZenBook S 14 OLED UX5406SA-PV036W (90NB14F1-M007V0),Asus,TM-DG-KOT-1114-NB-3008,"1.189,99",1649.99,Yox,"41 Vt*s, 6 saatadək",HP,SSD 512GB,"FullHD (1920 × 1080), 60 Hz","15.6""","2x USB 3.2 Gen 1 Type-A, 1x USB 3.2 Gen 2 Type-C, HDMI",İş və təhsil,"İngilis, Rus",15-FD1149CI,"DDR5 24GB, 5600 MHz","Intel Core Ultra 5 125H, 1.8 - 4.50 GHz",Moonlight Blue,Yox,720p,Intel Arc Graphics,Daxili Intel,Wi-Fi 6 (802.11ax),12 ay,359.8 × 236 × 18.6 mm,FreeDos
https://kontakt.az/notbuk-asus-zenbook-a14-ux3407qa-qd428w-90nb1502-m00tb0,Notbuk Asus ZenBook A14 UX3407QA-QD428W (90NB1502-M00TB0),Asus,TM-DG-KOT-1114-NB-3309,2299.99,,,,,,,,,,,,,,,,,,,,,,
https://kontakt.az/notbuk-huawei-matebook-14-53014mfp,Notbuk HUAWEI MateBook 14 53014MFP,HUAWEI,TM-DG-KOT-1114-NB-3422,1699.99,,,,,,,,,,,,,,,,,,,,,,
https://kontakt.az/notbuk-lenovo-thinkbook-14-2in1-g5-iau-21sq002qfw,Notbuk Lenovo ThinkBook 14 2in1 G5 IAU (21SQ002QFW),Lenovo,TM-DG-KOT-1114-NB-3379,2449.99,,,,,,,,,,,,,,,,,,,,,,
https://kontakt.az/notbuk-asus-expertbook-p5-p5405csa-nz0209-90nx0861-m008b0,Notbuk Asus ExpertBook P5 P5405CSA-NZ0209 (90NX0861-M008B0),Asus,TM-DG-KOT-1114-NB-2983,2579.99,,,,,,,,,,,,,,,,,,,,,,
https://kontakt.az/notbuk-lenovo-thinkpad-x13-gen-6-21rk00aefw,Notbuk Lenovo ThinkPad X13 Gen 6 (21RK00AEFW),Lenovo,TM-DG-KOT-1114-NB-3382,2699.99,,,,,,,,,,,,,,,,,,,,,,
https://kontakt.az/notbuk-honor-magicbook-x14-gdg-x,Notbuk HONOR MagicBook X14 (GDG-X),HONOR,TM-DG-KOT-1114-NB-3450,"2.699,99",3999.99,Yox,"54.7 Vt*s, 12.5 saatadək",Lenovo,SSD 512GB,"WUXGA (1920 × 1200), 60 Hz","13.3""","USB 3.2 Gen 1 Type-A, 2× Thunderbolt 4, HDMI",İş və təhsil,"İngilis, Rus",ThinkPad X13 Gen 6,"LPDDR5X 16GB, 8400 MHz","Intel Core Ultra 5 225U, 2.4 - 4.8 GHz",Black,Yox,1080p,Intel Graphics,Daxili Intel,Wi-Fi 6E (802.11ax),12 ay,299.3 × 207 × 18.15 mm,ƏS yoxdur
https://kontakt.az/notbuk-hp-elitebook-x-g1i-14-b69dret,Notbuk HP EliteBook X G1I 14 (B69DRET),HP,TM-DG-KOT-1114-NB-3376,"2.699,99",3999.99,Yox,"54.7 Vt*s, 12.5 saatadək",Lenovo,SSD 512GB,"WUXGA (1920 × 1200), 60 Hz","13.3""","USB 3.2 Gen 1 Type-A, 2× Thunderbolt 4, HDMI",İş və təhsil,"İngilis, Rus",ThinkPad X13 Gen 6,"LPDDR5X 16GB, 8400 MHz","Intel Core Ultra 5 225U, 2.4 - 4.8 GHz",Black,Yox,1080p,Intel Graphics,Daxili Intel,Wi-Fi 6E (802.11ax),12 ay,299.3 × 207 × 18.15 mm,ƏS yoxdur
https://kontakt.az/notbuk-asus-zenbook-a14-ux3407qa-qd409w-90nb1501-m00rm0,Notbuk Asus ZenBook A14 UX3407QA-QD409W (90NB1501-M00RM0),Asus,TM-DG-KOT-1114-NB-3308,"5.189,99",7699.99,Yox,"90 Vt*s, 5 saatadək",Asus,SSD 1 TB,"WQXGA (2560 × 1600), 240 Hz","16""","2x USB 3.2 Gen 2 Type-A, 1x USB 3.2 Gen 2 Type-C, 1x Thunderbolt 4, HDMI",Premium,"İngilis, Rus",ROG Zephyrus G16 GU605CP-QR040,"LPDDR5X 32GB, 7467 MHz","Intel Core Ultra 7 255H, 2.0 - 5.1 GHz",Platinum White,Yox,1080p,GeForce RTX 5070 8 GB,Xarici Nvidia,Wi-Fi 7 (802.11be),12 ay,354 × 246 × 16.4 mm,FreeDos
https://kontakt.az/notbuk-apple-macbook-pro-16-mx2y3ru-a-space-black,Notbuk Apple MacBook Pro 16 M4 Pro Space Black MX2Y3RU/A,Apple,TM-DG-KOT-1114-NB-2754,"5.189,99",7699.99,Yox,"90 Vt*s, 5 saatadək",Asus,SSD 1 TB,"WQXGA (2560 × 1600), 240 Hz","16""","2x USB 3.2 Gen 2 Type-A, 1x USB 3.2 Gen 2 Type-C, 1x Thunderbolt 4, HDMI",Premium,"İngilis, Rus",ROG Zephyrus G16 GU605CP-QR040,"LPDDR5X 32GB, 7467 MHz","Intel Core Ultra 7 255H, 2.0 - 5.1 GHz",Platinum White,Yox,1080p,GeForce RTX 5070 8 GB,Xarici Nvidia,Wi-Fi 7 (802.11be),12 ay,354 × 246 × 16.4 mm,FreeDos
https://kontakt.az/notbuk-asus-rog-zephyrus-g16-gu605cp-qr040-90nr0mm2-m001s0,Notbuk Asus ROG Zephyrus G16 GU605CP-QR040 (90NR0MM2-M001S0),Asus,TM-DG-KOT-1114-NB-3443,"5.189,99",7699.99,Yox,"90 Vt*s, 5 saatadək",Asus,SSD 1 TB,"WQXGA (2560 × 1600), 240 Hz","16""","2x USB 3.2 Gen 2 Type-A, 1x USB 3.2 Gen 2 Type-C, 1x Thunderbolt 4, HDMI",Premium,"İngilis, Rus",ROG Zephyrus G16 GU605CP-QR040,"LPDDR5X 32GB, 7467 MHz","Intel Core Ultra 7 255H, 2.0 - 5.1 GHz",Platinum White,Yox,1080p,GeForce RTX 5070 8 GB,Xarici Nvidia,Wi-Fi 7 (802.11be),12 ay,354 × 246 × 16.4 mm,FreeDos
https://kontakt.az/notbuk-asus-rog-zephyrus-g14-ga403uh-qs024-90nr0m71-m000z0,Notbuk Asus ROG Zephyrus G14 GA403UH-QS024 (90NR0M71-M000Z0),Asus,TM-DG-KOT-1114-NB-3440,"3.489,99",4999.99,Yox,"73 Vt*s, 4 saatadək",Asus,SSD 1 TB,"3K (2880 × 1800), 120 Hz","14""","2x USB 3.2 Gen 1 Type-A, 1x USB 3.2 Gen 2 Type-C, 1x USB 4.0 Type-C, HDMI",Premium,"İngilis, Rus",ROG Zephyrus G14 GA403UH-QS024,"LPDDR5X 16GB, 7500 MHz","AMD Ryzen 9 270, 4 - 5.2 GHz",Eclipse Gray,Yox,1080p,"GeForce RTX 5050, 8 GB",Xarici Nvidia,Wi-Fi 7 (802.11be),12 ay,311 × 220 × 16.3 mm,FreeDos
https://kontakt.az/notbuk-asus-zenbook-s-14-oled-ux5406sa-pv039w-90nb14f1-m001d0,Notbuk Asus ZenBook S 14 OLED UX5406SA-PV039W (90NB14F1-M001D0),Asus,TM-DG-KOT-1114-NB-3010,3159.99,,,,,,,,,,,,,,,,,,,,,,
https://kontakt.az/notbuk-asus-vivobook-s14-s3407ca-ly010-90nb16j1-m006f0,Notbuk Asus VivoBook S14 S3407CA-LY010 (90NB16J1-M006F0),Asus,TM-DG-KOT-1114-NB-3304,1949.99,,,,,,,,,,,,,,,,,,,,,,
https://kontakt.az/notbuk-asus-zenbook-s-14-oled-ux5406sa-pv030w-90nb14f2-m007x0,Notbuk Asus ZenBook S 14 OLED UX5406SA-PV030W (90NB14F2-M007X0),Asus,TM-DG-KOT-1114-NB-3011,"1.199,99",1499.99,Yox,"42 Vt*s, 5 saatadək",HONOR,SSD 512GB,"IPS (1920 × 1200), 60 Hz","16""","USB 3.2 Gen 1 Type-A, USB 3.2 Gen 2 Type-A, USB 3.2 Gen 1 Type-C, HDMI",İş və təhsil,İngilis,MagicBook X16,"LPDDR4X 8GB, 4266 MHz","Intel Core i5 13420H, 1.5 - 3.4 GHz",Space Grey,Yox,720p,Intel UHD Graphics,Daxili Intel,Wi-Fi 6 (802.11ax),12 ay,356.2 × 250.1 × 17.9 mm,Win11 Home
https://kontakt.az/notbuk-honor-magicbook-x16-brg-585,Notbuk HONOR MagicBook X16 (BRG-585),HONOR,TM-DG-KOT-1114-NB-3454,1199.99,,,,,,,,,,,,,,,,,,,,,,
https://kontakt.az/notbuk-hp-15-fd2010ci-c0ee7ea,Notbuk HP 15-FD2010CI (C0EE7EA),HP,TM-DG-KOT-1114-NB-3342,1849.99,,,,,,,,,,,,,,,,,,,,,,
https://kontakt.az/notbuk-asus-vivobook-s14-m3407ha-sf077-90nb16e2-m00560,Notbuk Asus VivoBook S14 M3407HA-SF077 (90NB16E2-M00560),Asus,TM-DG-KOT-1114-NB-3294,"1.449,99",1949.99,Yox,"70 Vt*s, 7 saatadək",Asus,SSD 512GB,"WUXGA (1920 × 1200), 60 Hz","14""","2× USB 3.2 Gen 1 Type-A, 2× USB 3.2 Gen 1 Type-C, HDMI",İş və təhsil,"İngilis, Rus",VivoBook S14 M3407HA-SF077,"DDR5 16GB, 4800 MHz","AMD Ryzen 5 220, 3.2 - 4.9 GHz",Cool Silver,Yox,1080p,AMD Radeon Graphics,Daxili AMD,Wi-Fi 6 (802.11ax),12 ay,315.2 × 223.4 × 17.9 mm,FreeDos
https://kontakt.az/notbuk-lenovo-thinkpad-x9-15-gen-1-aura-edition-21q6001pfw,Notbuk Lenovo ThinkPad X9-15 Gen 1 Aura Edition (21Q6001PFW),Lenovo,TM-DG-KOT-1114-NB-3381,4649.99,,,,,,,,,,,,,,,,,,,,,,
https://kontakt.az/notbuk-hp-14-ep1000ci-a16jyea,Notbuk HP 14-EP1000CI (A16JYEA),HP,TM-DG-KOT-1114-NB-3336,"1.449,99",1949.99,Yox,"70 Vt*s, 7 saatadək",Asus,SSD 512GB,"WUXGA (1920 × 1200), 60 Hz","14""","2× USB 3.2 Gen 1 Type-A, 2× USB 3.2 Gen 1 Type-C, HDMI",İş və təhsil,"İngilis, Rus",VivoBook S14 M3407HA-SF077,"DDR5 16GB, 4800 MHz","AMD Ryzen 5 220, 3.2 - 4.9 GHz",Cool Silver,Yox,1080p,AMD Radeon Graphics,Daxili AMD,Wi-Fi 6 (802.11ax),12 ay,315.2 × 223.4 × 17.9 mm,FreeDos
https://kontakt.az/notbuk-apple-macbook-pro-14-mde44ru-a-silver,Notbuk Apple MacBook Pro 14 MDE44RU/A Silver,Apple,TM-DG-KOT-1114-NB-3221,3899.99,,,,,,,,,,,,,,,,,,,,,,
https://kontakt.az/notbuk-hp-ai-14-hc0003ci-c0ee5ea,Notbuk HP AI 14-HC0003CI (C0EE5EA),HP,TM-DG-KOT-1114-NB-3333,1599.99,,,,,,,,,,,,,,,,,,,,,,
https://kontakt.az/notbuk-asus-v16-v3607vm-rp049-90nb16k1-m003u0,Notbuk Asus V16 V3607VM-RP049 (90NB16K1-M003U0),Asus,TM-DG-KOT-1114-NB-3415,"1.399,99",1899.99,Yox,"56 Vt*s, 6 saatadək",HUAWEI,SSD 1 TB,"FullHD (1920 × 1080), 60 Hz","14""","1× USB 3.2 Gen 1 Type-A, 1× USB 2.0 Type-A, 1× USB 3.2 Gen 1 Type-C, HDMI",İş və təhsil,"İngilis, Rus",MateBook D 14,"LPDDR4X 16GB, 4267 MHz","Intel Core i5 13420H, 1.5 - 4.6 GHz",Space Grey,Yox,720p,Intel UHD Graphics,Daxili Intel,Wi-Fi 6 (802.11ax),12 ay,314.5 × 227.79 × 15.9 mm,FreeDos
https://kontakt.az/notbuk-lenovo-thinkbook-14-2in1-g5-iau-21sq002rfw,Notbuk Lenovo ThinkBook 14 2in1 G5 IAU (21SQ002RFW),Lenovo,TM-DG-KOT-1114-NB-3378,"1.399,99",1899.99,Yox,"56 Vt*s, 6 saatadək",HUAWEI,SSD 1 TB,"FullHD (1920 × 1080), 60 Hz","14""","1× USB 3.2 Gen 1 Type-A, 1× USB 2.0 Type-A, 1× USB 3.2 Gen 1 Type-C, HDMI",İş və təhsil,"İngilis, Rus",MateBook D 14,"LPDDR4X 16GB, 4267 MHz","Intel Core i5 13420H, 1.5 - 4.6 GHz",Space Grey,Yox,720p,Intel UHD Graphics,Daxili Intel,Wi-Fi 6 (802.11ax),12 ay,314.5 × 227.79 × 15.9 mm,FreeDos
https://kontakt.az/notbuk-huawei-matebook-d-14-53014mub,Notbuk HUAWEI MateBook D 14 53014MUB,HUAWEI,TM-DG-KOT-1114-NB-3423,1399.99,,,,,,,,,,,,,,,,,,,,,,
https://kontakt.az/notbuk-lenovo-thinkpad-t14s-gen-6-21qx001drt,Notbuk Lenovo ThinkPad T14s Gen 6 (21QX001DRT),Lenovo,TM-DG-KOT-1114-NB-3397,"1.399,99",1899.99,Yox,"56 Vt*s, 6 saatadək",HUAWEI,SSD 1 TB,"FullHD (1920 × 1080), 60 Hz","14""","1× USB 3.2 Gen 1 Type-A, 1× USB 2.0 Type-A, 1× USB 3.2 Gen 1 Type-C, HDMI",İş və təhsil,"İngilis, Rus",MateBook D 14,"LPDDR4X 16GB, 4267 MHz","Intel Core i5 13420H, 1.5 - 4.6 GHz",Space Grey,Yox,720p,Intel UHD Graphics,Daxili Intel,Wi-Fi 6 (802.11ax),12 ay,314.5 × 227.79 × 15.9 mm,FreeDos
https://kontakt.az/notbuk-asus-vivobook-s16-oled-s3607ca-sh078-90nb16i2-m00630,Notbuk Asus VivoBook S16 OLED S3607CA-SH078 (90NB16I2-M00630),Asus,TM-DG-KOT-1114-NB-3401,"1.899,99",2499.99,Yox,"55 Vt*s, 5.5 saatadək",Dell,SSD 512GB,"FullHD (1920 × 1200), 60 Hz","14""","2× USB 3.2 Gen 1 Type-A, USB 3.2 Gen 2 Type-C, Thunderbolt 4, HDMI, Ethernet (RJ-45)",Qrafika və video,"İngilis, Rus",Pro 14,"DDR5 16GB, 5600 MHz","Intel Core i5 220U, 1.4 - 5 GHz",Silver,Yox,1080p,Intel Graphics,Daxili Intel,Wi-Fi 6E (802.11ax),36 ay,313.7 × 225.3 × 20.4 mm,Ubuntu
https://kontakt.az/notbuk-asus-expertbook-p1-p1503cva-s72068-90nx0881-m02w80,Notbuk Asus ExpertBook P1 P1503CVA-S72068 (90NX0881-M02W80),Asus,TM-DG-KOT-1114-NB-3411,1539.99,,,,,,,,,,,,,,,,,,,,,,
https://kontakt.az/notbuk-asus-expertbook-5-p5405csa-nz0208-90nx0861-m008a0,Notbuk Asus ExpertBook 5 P5405CSA-NZ0208 (90NX0861-M008A0),Asus,TM-DG-KOT-1114-NB-2982,2199.99,,,,,,,,,,,,,,,,,,,,,,
https://kontakt.az/notbuk-dell-pro-14-210-bpbr-6486-az,Notbuk Dell Pro 14 (210-BPBR_6486_AZ),Dell,TM-DG-KOT-1114-NB-3465,"1.899,99",2499.99,Yox,"55 Vt*s, 5.5 saatadək",Dell,SSD 512GB,"FullHD (1920 × 1200), 60 Hz","14""","2× USB 3.2 Gen 1 Type-A, USB 3.2 Gen 2 Type-C, Thunderbolt 4, HDMI, Ethernet (RJ-45)",Qrafika və video,"İngilis, Rus",Pro 14,"DDR5 16GB, 5600 MHz","Intel Core i5 220U, 1.4 - 5 GHz",Silver,Yox,1080p,Intel Graphics,Daxili Intel,Wi-Fi 6E (802.11ax),36 ay,313.7 × 225.3 × 20.4 mm,Ubuntu
https://kontakt.az/notbuk-hp-elitebook-6-g1i-r16-a37n7et,Notbuk HP EliteBook 6 G1I R16 (A37N7ET),HP,TM-DG-KOT-1114-NB-3358,"5.789,99",7999.99,Yox,"90 Vt*s, 5 saatadək",Asus,SSD 1 TB,"WQXGA (2560 × 1600), 240 Hz","16""","2x USB 3.2 Gen 2 Type-A, 1x USB 3.2 Gen 2 Type-C, 1x Thunderbolt 4, HDMI",Premium,"İngilis, Rus",ROG Zephyrus G16 GU605CR-QR212,"LPDDR5X 32GB, 7467 MHz","Intel Core Ultra 9 285H, 2.9 - 5.4 GHz",Platinum White,Yox,1080p,"GeForce RTX 5070 Ti, 12 GB",Xarici Nvidia,Wi-Fi 7 (802.11be),12 ay,354 × 246 × 17.4 mm,FreeDos
https://kontakt.az/notbuk-asus-rog-zephyrus-g16-gu605cr-qr212-90nr0lz6-m00b30,Notbuk Asus ROG Zephyrus G16 GU605CR-QR212 (90NR0LZ6-M00B30),Asus,TM-DG-KOT-1114-NB-3445,"5.789,99",7999.99,Yox,"90 Vt*s, 5 saatadək",Asus,SSD 1 TB,"WQXGA (2560 × 1600), 240 Hz","16""","2x USB 3.2 Gen 2 Type-A, 1x USB 3.2 Gen 2 Type-C, 1x Thunderbolt 4, HDMI",Premium,"İngilis, Rus",ROG Zephyrus G16 GU605CR-QR212,"LPDDR5X 32GB, 7467 MHz","Intel Core Ultra 9 285H, 2.9 - 5.4 GHz",Platinum White,Yox,1080p,"GeForce RTX 5070 Ti, 12 GB",Xarici Nvidia,Wi-Fi 7 (802.11be),12 ay,354 × 246 × 17.4 mm,FreeDos
https://kontakt.az/notbuk-hp-probook-440-g10-a38g9et,Notbuk HP ProBook 440 G10 (A38G9ET),HP,TM-DG-KOT-1114-NB-3340,"5.789,99",7999.99,Yox,"90 Vt*s, 5 saatadək",Asus,SSD 1 TB,"WQXGA (2560 × 1600), 240 Hz","16""","2x USB 3.2 Gen 2 Type-A, 1x USB 3.2 Gen 2 Type-C, 1x Thunderbolt 4, HDMI",Premium,"İngilis, Rus",ROG Zephyrus G16 GU605CR-QR212,"LPDDR5X 32GB, 7467 MHz","Intel Core Ultra 9 285H, 2.9 - 5.4 GHz",Platinum White,Yox,1080p,"GeForce RTX 5070 Ti, 12 GB",Xarici Nvidia,Wi-Fi 7 (802.11be),12 ay,354 × 246 × 17.4 mm,FreeDos
https://kontakt.az/notbuk-asus-rog-zephyrus-g14-ga403wp-qs034-90nr0lw1-m00220,Notbuk Asus ROG Zephyrus G14 GA403WP-QS034 (90NR0LW1-M00220),Asus,TM-DG-KOT-1114-NB-3441,"5.789,99",7999.99,Yox,"90 Vt*s, 5 saatadək",Asus,SSD 1 TB,"WQXGA (2560 × 1600), 240 Hz","16""","2x USB 3.2 Gen 2 Type-A, 1x USB 3.2 Gen 2 Type-C, 1x Thunderbolt 4, HDMI",Premium,"İngilis, Rus",ROG Zephyrus G16 GU605CR-QR212,"LPDDR5X 32GB, 7467 MHz","Intel Core Ultra 9 285H, 2.9 - 5.4 GHz",Platinum White,Yox,1080p,"GeForce RTX 5070 Ti, 12 GB",Xarici Nvidia,Wi-Fi 7 (802.11be),12 ay,354 × 246 × 17.4 mm,FreeDos
https://kontakt.az/notbuk-hp-elitebook-660-g11-9y7d5et,Notbuk HP EliteBook 660 G11 (9Y7D5ET),HP,TM-DG-KOT-1114-NB-3360,2399.99,,,,,,,,,,,,,,,,,,,,,,
https://kontakt.az/notbuk-asus-zenbook-14-um3406ga-qd049-90nb17r1-m00210,Notbuk Asus ZenBook 14 UM3406GA-QD049 (90NB17R1-M00210),Asus,TM-DG-KOT-1114-NB-3425,1949.99,,,,,,,,,,,,,,,,,,,,,,
https://kontakt.az/notbuk-apple-macbook-pro-16-mx313ru-a-space-black,Notbuk Apple MacBook Pro 16 M4 Max Space Black MX313RU/A,Apple,TM-DG-KOT-1114-NB-2772,"2.749,99",3999.99,Yox,"56 Vt*s, 6 saatadək",HP,SSD 512GB,"WUXGA (1920 × 1200), 60 Hz","16""","2× USB 3.2 Gen 1 Type-A, 2× Thunderbolt 4, HDMI, Ethernet (RJ-45)",İş və təhsil,"İngilis, Rus",EliteBook 660 G11,"DDR5 16GB, 5600 MHz","Intel Core Ultra 7 165U, 1.7 - 4.9 GHz",Pike Silver Aluminum,Yox,1080p,Intel Graphics,Daxili Intel,Wi-Fi 6E (802.11ax),12 ay,359.4 × 251 × 10.9 mm,Win11 Pro
https://kontakt.az/notbuk-hp-elitebook-660-g11-9y7d6et,Notbuk HP EliteBook 660 G11 9Y7D6ET),HP,TM-DG-KOT-1114-NB-3365,2749.99,,,,,,,,,,,,,,,,,,,,,,
https://kontakt.az/notbuk-huawei-matebook-14-53014hyd,Notbuk HUAWEI MateBook 14 53014HYD,HUAWEI,TM-DG-KOT-1114-NB-3421,1899.99,,,,,,,,,,,,,,,,,,,,,,
https://kontakt.az/notbuk-honor-magicbook-x14-frg-x,Notbuk HONOR MagicBook X14 (FRG-X),HONOR,TM-DG-KOT-1114-NB-3451,1329.99,,,,,,,,,,,,,,,,,,,,,,
https://kontakt.az/notbuk-lenovo-thinkpad-x9-15-gen-1-aura-edition-21q6001hrt,Notbuk Lenovo ThinkPad X9-15 Gen 1 Aura Edition (21Q6001HRT),Lenovo,TM-DG-KOT-1114-NB-3432,4349.99,,,,,,,,,,,,,,,,,,,,,,
https://kontakt.az/notbuk-hp-omnibook-7-16-az0006ci-c0ef4ea,Notbuk HP OmniBook 7 16-AZ0006CI (C0EF4EA),HP,TM-DG-KOT-1114-NB-3350,1999.99,,,,,,,,,,,,,,,,,,,,,,
https://kontakt.az/notbuk-lenovo-thinkbook-16-g8-ial-21sk007urt,Notbuk Lenovo ThinkBook 16 G8 IAL (21SK007URT),Lenovo,TM-DG-KOT-1114-NB-3404,"1.329,99",1549.99,Yox,"56 Vt*s, 6 saatadək",HONOR,SSD 512GB,"IPS (1920 × 1200), 60 Hz","14""","USB 2.0 Type-A, USB 3.0 Type-A, USB Type-C, HDMI",İş və təhsil,İngilis,MagicBook X14,"DDR4 16GB, 3200 MHz","Intel Core i5 13420H, 1.5 - 4.6 GHz",Space Grey,Yox,720p,Intel UHD Graphics,Daxili Intel,Wi-Fi 5 (802.11ac),12 ay,322.5 × 214.8 × 15.9 mm,Win11 Home
https://kontakt.az/notbuk-hp-omnibook-5-ngai-16-ag1011ci-c0ee9ea,Notbuk HP OmniBook 5 NGAI 16-AG1011CI (C0EE9EA),HP,TM-DG-KOT-1114-NB-3352,2099.99,,,,,,,,,,,,,,,,,,,,,,
https://kontakt.az/notbuk-hp-probook-4-g1i-16-ad2l5et,Notbuk HP ProBook 4 G1I 16 (AD2L5ET),HP,TM-DG-KOT-1114-NB-3374,1999.99,,,,,,,,,,,,,,,,,,,,,,
https://kontakt.az/notbuk-asus-zenbook-s-16-um5606ga-ss062w-90nb17h5-m006e0,Notbuk Asus ZenBook S 16 UM5606GA-SS062W (90NB17H5-M006E0),Asus,TM-DG-KOT-1114-NB-3427,"2.699,99",3829.99,Yox,"63 Vt*s, 6.3 saatadək",Asus,SSD 512GB,"WUXGA (1920 × 1200), 144 Hz","16""","2× USB 3.2 Gen 1 Type-A, 1× USB 3.2 Gen 1 Type-C, HDMI",Premium,"İngilis, Rus",V16 V3607VM-RP059,"DDR5 16GB, 5600 MHz","Intel Core i7 240H, 2.5 - 5.2 GHz",Matte Black,Yox,1080p,GeForce RTX 5060 8 GB,Xarici Nvidia,Wi-Fi 6 (802.11ax),12 ay,357 × 250 × 22 mm,FreeDos
https://kontakt.az/notbuk-asus-v16-v3607vm-rp059-90nb16k1-m004z0,Notbuk Asus V16 V3607VM-RP059 (90NB16K1-M004Z0),Asus,TM-DG-KOT-1114-NB-3416,"2.699,99",3829.99,Yox,"63 Vt*s, 6.3 saatadək",Asus,SSD 512GB,"WUXGA (1920 × 1200), 144 Hz","16""","2× USB 3.2 Gen 1 Type-A, 1× USB 3.2 Gen 1 Type-C, HDMI",Premium,"İngilis, Rus",V16 V3607VM-RP059,"DDR5 16GB, 5600 MHz","Intel Core i7 240H, 2.5 - 5.2 GHz",Matte Black,Yox,1080p,GeForce RTX 5060 8 GB,Xarici Nvidia,Wi-Fi 6 (802.11ax),12 ay,357 × 250 × 22 mm,FreeDos
https://kontakt.az/notbuk-hp-elitebook-6-g1i-14-a37phet,Notbuk HP EliteBook 6 G1I 14 (A37PHET),HP,TM-DG-KOT-1114-NB-3345,"2.699,99",3829.99,Yox,"63 Vt*s, 6.3 saatadək",Asus,SSD 512GB,"WUXGA (1920 × 1200), 144 Hz","16""","2× USB 3.2 Gen 1 Type-A, 1× USB 3.2 Gen 1 Type-C, HDMI",Premium,"İngilis, Rus",V16 V3607VM-RP059,"DDR5 16GB, 5600 MHz","Intel Core i7 240H, 2.5 - 5.2 GHz",Matte Black,Yox,1080p,GeForce RTX 5060 8 GB,Xarici Nvidia,Wi-Fi 6 (802.11ax),12 ay,357 × 250 × 22 mm,FreeDos
https://kontakt.az/notbuk-lenovo-thinkpad-x13-gen-6-21rk00adfw,Notbuk Lenovo ThinkPad X13 Gen 6 (21RK00ADFW),Lenovo,TM-DG-KOT-1114-NB-3383,3499.99,,,,,,,,,,,,,,,,,,,,,,
https://kontakt.az/notbuk-honor-magicbook-x16-plus-32-gb-1-tb-brb-x,Notbuk HONOR MagicBook X16 Plus 32 GB / 1 TB (BRB-X),HONOR,TM-DG-KOT-1114-NB-3448,2099.99,,,,,,,,,,,,,,,,,,,,,,
https://kontakt.az/notbuk-hp-15-fd1149ci-cw0n8ea,Notbuk HP 15-FD1149CI (CW0N8EA),HP,TM-DG-KOT-1114-NB-3470,1189.99,,,,,,,,,,,,,,,,,,,,,,
https://kontakt.az/notbuk-asus-zenbook-14-um3406ka-qd130-90nb14u1-m007l0,Notbuk Asus ZenBook 14 UM3406KA-QD130 (90NB14U1-M007L0),Asus,TM-DG-KOT-1114-NB-3418,"1.189,99",1649.99,Yox,"41 Vt*s, 6 saatadək",HP,SSD 512GB,"FullHD (1920 × 1080), 60 Hz","15.6""","2x USB 3.2 Gen 1 Type-A, 1x USB 3.2 Gen 2 Type-C, HDMI",İş və təhsil,"İngilis, Rus",15-FD1149CI,"DDR5 24GB, 5600 MHz","Intel Core Ultra 5 125H, 1.8 - 4.50 GHz",Warm gold,Yox,720p,Intel Arc Graphics,Daxili Intel,Wi-Fi 6 (802.11ax),12 ay,359.8 × 236 × 18.6 mm,FreeDos
https://kontakt.az/notbuk-lenovo-thinkpad-t14-gen-6-21qc00byfw,Notbuk Lenovo ThinkPad T14 Gen 6 (21QC00BYFW),Lenovo,TM-DG-KOT-1114-NB-3395,3699.99,,,,,,,,,,,,,,,,,,,,,,
https://kontakt.az/notbuk-hp-probook-4-g1i-14-ad2m3et,Notbuk HP ProBook 4 G1I 14 (AD2M3ET),HP,TM-DG-KOT-1114-NB-3349,1999.99,,,,,,,,,,,,,,,,,,,,,,
https://kontakt.az/notbuk-asus-expertbook-b3-b3605cca-mb0080-90nx08n1-m00340,Notbuk Asus ExpertBook B3 B3605CCA-MB0080 (90NX08N1-M00340),Asus,TM-DG-KOT-1114-NB-3406,"2.179,99",3199.99,Yox,"50 Vt*s, 5 saatadək",Asus,SSD 1 TB,"WQXGA (2560 × 1600), 144 Hz","16""","2× USB 3.2 Gen 1 Type-A, 2× Thunderbolt 4, HDMI, Ethernet (RJ-45)",Premium,"İngilis, Rus",ExpertBook B5 B5605CCA-PL0070,"DDR5 16GB, 4800 MHz","Intel Core Ultra 7 255H, 2.0 - 5.1 GHz",Gentle Grey,Yox,1080p,Intel Arc Graphics,Daxili Intel,Wi-Fi 6 (802.11ax),12 ay,358.4 × 253.9 × 19 mm,FreeDos
https://kontakt.az/notbuk-asus-expertbook-b5-b5605cca-pl0070-90nx08f1-m002h0,Notbuk Asus ExpertBook B5 B5605CCA-PL0070 (90NX08F1-M002H0),Asus,TM-DG-KOT-1114-NB-3408,2179.99,,,,,,,,,,,,,,,,,,,,,,
https://kontakt.az/notbuk-hp-omnibook-5-16-bc1002ci-c0ef5ea,Notbuk HP OmniBook 5 16-BC1002CI (C0EF5EA),HP,TM-DG-KOT-1114-NB-3348,"2.179,99",3199.99,Yox,"50 Vt*s, 5 saatadək",Asus,SSD 1 TB,"WQXGA (2560 × 1600), 144 Hz","16""","2× USB 3.2 Gen 1 Type-A, 2× Thunderbolt 4, HDMI, Ethernet (RJ-45)",Premium,"İngilis, Rus",ExpertBook B5 B5605CCA-PL0070,"DDR5 16GB, 4800 MHz","Intel Core Ultra 7 255H, 2.0 - 5.1 GHz",Gentle Grey,Yox,1080p,Intel Arc Graphics,Daxili Intel,Wi-Fi 6 (802.11ax),12 ay,358.4 × 253.9 × 19 mm,FreeDos
https://kontakt.az/notbuk-asus-expertbook-b5-b5405cca-ly0135-90nx08i1-m004k0,Notbuk Asus ExpertBook B5 B5405CCA-LY0135 (90NX08I1-M004K0),Asus,TM-DG-KOT-1114-NB-3407,2079.99,,,,,,,,,,,,,,,,,,,,,,
https://kontakt.az/notbuk-dell-pro-plus-16-210-bpcm-2201-az,Notbuk Dell Pro Plus 16 (210-BPCM_2201_AZ),Dell,TM-DG-KOT-1114-NB-3466,"1.979,99",2999.99,Yox,"70 Vt*s, 7 saatadək",Asus,SSD 512GB,"FullHD (1920 × 1200), 60 Hz","16""","2× USB 3.2 Gen 1 Type-A, 2× USB 3.2 Gen 1 Type-C, HDMI",Qrafika və video,"İngilis, Rus",VivoBook S16 OLED S3607CA-SH079,"DDR5 16GB, 3200 MHz","Intel Core Ultra 7 255H, 2.0 - 5.1 GHz",Matte Gray,Yox,1080p,Intel Arc Graphics,Daxili Intel,Wi-Fi 6 (802.11ax),12 ay,357 × 250.6 × 15.9 mm,FreeDos
https://kontakt.az/notbuk-asus-vivobook-s16-oled-s3607ca-sh079-90nb16i2-m00640,Notbuk Asus VivoBook S16 OLED S3607CA-SH079 (90NB16I2-M00640),Asus,TM-DG-KOT-1114-NB-3402,1979.99,,,,,,,,,,,,,,,,,,,,,,
https://kontakt.az/notbuk-asus-zenbook-s-16-um5606ga-ss022w-90nb17h2-m006f0,Notbuk Asus ZenBook S 16 UM5606GA-SS022W (90NB17H2-M006F0),Asus,TM-DG-KOT-1114-NB-3428,3249.99,,,,,,,,,,,,,,,,,,,,,,
https://kontakt.az/notbuk-lenovo-yoga-7-2in1-14ill10-83jq005drk,Notbuk Lenovo Yoga 7 2in1 14ILL10 (83JQ005DRK),Lenovo,TM-DG-KOT-1114-NB-2985,2169.99,,,,,,,,,,,,,,,,,,,,,,
https://kontakt.az/notbuk-asus-expertbook-p3-pm3606cka-pl0325-90nx0981-m00bc0,Notbuk Asus ExpertBook P3 PM3606CKA-PL0325 (90NX0981-M00BC0),Asus,TM-DG-KOT-1114-NB-3413,2679.99,,,,,,,,,,,,,,,,,,,,,,
https://kontakt.az/notbuk-asus-expertbook-b9-b9403cvar-pp2269-90nx05w1-m035f0,Notbuk Asus ExpertBook B9 B9403CVAR-PP2269 (90NX05W1-M035F0),Asus,TM-DG-KOT-1114-NB-3409,"5.799,99",6559.99,Yox,"72.4 Vt*s, 22 saatadək",Apple,SSD 1 TB,"Liquid Retina XDR (3024 × 1964), 120 Hz","14""","3x Thunderbolt 5, HDMI",Premium,"İngilis, Rus",MacBook Pro 14,"LPDDR5X 24GB, 8533 MHz","Apple M4 Pro, 4.52 GHz",Silver,Yox,1080p,Apple M4 Pro,Apple,Wi-Fi 6E (802.11ax),12 ay,312.6 x 221.2 x 15.5 mm,MacOS
https://kontakt.az/notbuk-honor-magicbook-x16-brg-561,Notbuk HONOR MagicBook X16 (BRG-561),HONOR,TM-DG-KOT-1114-NB-3452,"5.799,99",6559.99,Yox,"72.4 Vt*s, 22 saatadək",Apple,SSD 1 TB,"Liquid Retina XDR (3024 × 1964), 120 Hz","14""","3x Thunderbolt 5, HDMI",Premium,"İngilis, Rus",MacBook Pro 14,"LPDDR5X 24GB, 8533 MHz","Apple M4 Pro, 4.52 GHz",Silver,Yox,1080p,Apple M4 Pro,Apple,Wi-Fi 6E (802.11ax),12 ay,312.6 x 221.2 x 15.5 mm,MacOS
https://kontakt.az/notbuk-apple-macbook-pro-14-mx2f3ru-a-silver,Notbuk Apple MacBook Pro 14 M4 Pro Silver MX2F3RU/A,Apple,TM-DG-KOT-1114-NB-2748,"5.799,99",6559.99,Yox,"72.4 Vt*s, 22 saatadək",Apple,SSD 1 TB,"Liquid Retina XDR (3024 × 1964), 120 Hz","14""","3x Thunderbolt 5, HDMI",Premium,"İngilis, Rus",MacBook Pro 14,"LPDDR5X 24GB, 8533 MHz","Apple M4 Pro, 4.52 GHz",Silver,Yox,1080p,Apple M4 Pro,Apple,Wi-Fi 6E (802.11ax),12 ay,312.6 x 221.2 x 15.5 mm,MacOS
https://kontakt.az/notbuk-hp-ai-15-fd2002ci-bg7h4ea,Notbuk HP AI 15-FD2002CI (BG7H4EA),HP,TM-DG-KOT-1114-NB-3461,1449.99,,,,,,,,,,,,,,,,,,,,,,
https://kontakt.az/notbuk-apple-macbook-pro-14-mcx04ru-a-space-black,Notbuk Apple MacBook Pro 14 M4 Space Black MCX04RU/A,Apple,TM-DG-KOT-1114-NB-2743,4799.99,,,,,,,,,,,,,,,,,,,,,,
https://kontakt.az/notbuk-honor-magicbook-x16-brg-565,Notbuk HONOR MagicBook X16 (BRG-565),HONOR,TM-DG-KOT-1114-NB-3453,1449.99,,,,,,,,,,,,,,,,,,,,,,
https://kontakt.az/notbuk-hp-15-fd1203ci-d15zwea,Notbuk HP 15-FD1203CI (D15ZWEA),HP,TM-DG-KOT-1114-NB-3469,"4.399,99",4949.99,Yox,"72.4 Vt*s, 24 saatadək",Apple,SSD 1 TB,"Liquid Retina XDR (3024 × 1964), 120 Hz","14""","3× Thunderbolt 4, HDMI",Premium,"İngilis, Rus",MacBook Pro 14,"LPDDR5X 16GB, 7500 MHz","Apple M4, 4.41 GHz",Space Black,Yox,1080p,Apple M4,Apple,Wi-Fi 6E (802.11ax),12 ay,312.6 x 221.2 x 15.5 mm,MacOS
https://kontakt.az/notbuk-hp-omnibook-x-flip-14-fm0019ci-bz2x2ea,Notbuk HP OmniBook X Flip 14-FM0019CI (BZ2X2EA),HP,TM-DG-KOT-1114-NB-3277,2099.99,,,,,,,,,,,,,,,,,,,,,,
https://kontakt.az/notbuk-apple-macbook-pro-14-mw2v3ru-a-space-black,Notbuk Apple MacBook Pro 14 M4 Space Black MW2V3RU/A,Apple,TM-DG-KOT-1114-NB-2745,4399.99,,,,,,,,,,,,,,,,,,,,,,
https://kontakt.az/notbuk-hp-ai-15-fd2014ci-bg7h5ea,Notbuk HP AI 15-FD2014CI (BG7H5EA),HP,TM-DG-KOT-1114-NB-3460,1699.99,,,,,,,,,,,,,,,,,,,,,,
https://kontakt.az/notbuk-lenovo-thinkpad-t14-gen-6-21qc006cfw,Notbuk Lenovo ThinkPad T14 Gen 6 (21QC006CFW),Lenovo,TM-DG-KOT-1114-NB-3458,2399.99,,,,,,,,,,,,,,,,,,,,,,
https://kontakt.az/notbuk-honor-magicbook-x14-plus-frb-x,Notbuk HONOR MagicBook X14 Plus (FRB-X) ,HONOR,TM-DG-KOT-1114-NB-3446,"2.399,99",3549.99,Yox,"57 Vt*s, 11 saatadək",Lenovo,SSD 512GB,"WUXGA (1920 × 1200), 60 Hz","14""","2× USB 3.2 Gen 1 Type-A, 2× USB 3.2 Gen 2 Type-C, HDMI, Ethernet (RJ-45)",İş və təhsil,"İngilis, Rus",ThinkPad T14 Gen 6,"DDR5 16GB, 5600 MHz","Intel Core Ultra 5 225U, 2.4 - 4.8 GHz",Black,Yox,1080p,Intel Graphics,Daxili Intel,Wi-Fi 6E (802.11ax),12 ay,315.9 × 223.7 × 21.95 mm,ƏS yoxdur
https://kontakt.az/notbuk-lenovo-v15-g4-amn-82yu0173rk,Notbuk Lenovo V15 G4 AMN (82YU0173RK),Lenovo,TM-DG-KOT-1114-NB-3484,989.99,,,,,,,,,,,,,,,,,,,,,,
https://kontakt.az/notbuk-honor-magicbook-x16-plus-16-gb-1-tb-brb-x,Notbuk HONOR MagicBook X16 Plus 16 GB / 1 TB (BRB-X),HONOR,TM-DG-KOT-1114-NB-3447,1899.99,,,,,,,,,,,,,,,,,,,,,,
https://kontakt.az/notbuk-lenovo-thinkpad-t16-gen-3-21mn00blfw,Notbuk Lenovo ThinkPad T16 Gen 3 (21MN00BLFW),Lenovo,TM-DG-KOT-1114-NB-3456,"1.699,99",2399.99,Var,"65 Vt*s, 15 saatadək",HP,SSD 512GB,"2K IPS (1920 × 1200), 60 Hz","14""","2× USB Type-A, USB Type-C, HDMI",İş və təhsil,"İngilis, Rus",14-FP0017CI,"LPDDR5 16GB, 5200 MHz","Intel Core 5 120U, 0.9 - 5.0 GHz",Glacier Silver,Var,1080p,Intel Graphics,Daxili Intel,Wi-Fi 6E (802.11ax),12 ay,313 × 210 × 18.4 mm,FreeDos
https://kontakt.az/notbuk-hp-omnibook-5-14-fp0017ci-bz1h8ea,Notbuk HP OmniBook 5 14-FP0017CI (BZ1H8EA),HP,TM-DG-KOT-1114-NB-3207,"1.699,99",2399.99,Var,"65 Vt*s, 15 saatadək",HP,SSD 512GB,"2K IPS (1920 × 1200), 60 Hz","14""","2× USB Type-A, USB Type-C, HDMI",İş və təhsil,"İngilis, Rus",14-FP0017CI,"LPDDR5 16GB, 5200 MHz","Intel Core 5 120U, 0.9 - 5.0 GHz",Glacier Silver,Var,1080p,Intel Graphics,Daxili Intel,Wi-Fi 6E (802.11ax),12 ay,313 × 210 × 18.4 mm,FreeDos
https://kontakt.az/notbuk-loq-15irx9-83dv01clrk,Notbuk Lenovo LOQ 15IRX9 (83DV01CLRK),Lenovo,TM-DG-KOT-1114-NB-3477,"1.699,99",2399.99,Var,"65 Vt*s, 15 saatadək",HP,SSD 512GB,"2K IPS (1920 × 1200), 60 Hz","14""","2× USB Type-A, USB Type-C, HDMI",İş və təhsil,"İngilis, Rus",14-FP0017CI,"LPDDR5 16GB, 5200 MHz","Intel Core 5 120U, 0.9 - 5.0 GHz",Glacier Silver,Var,1080p,Intel Graphics,Daxili Intel,Wi-Fi 6E (802.11ax),12 ay,313 × 210 × 18.4 mm,FreeDos
https://kontakt.az/notbuk-hp-15-fd1189ci-d15zvea,Notbuk HP 15-FD1189CI (D15ZVEA),HP,TM-DG-KOT-1114-NB-3462,1849.99,,,,,,,,,,,,,,,,,,,,,,
https://kontakt.az/notbuk-lenovo-thinkpad-t14-gen-5-21mmsd6n-rt,Notbuk Lenovo ThinkPad T14 Gen 5 (21MMSD6N-RT),Lenovo,TM-DG-KOT-1114-NB-3457,2299.99,,,,,,,,,,,,,,,,,,,,,,
https://kontakt.az/notbuk-lenovo-ideapad-5-2in1-14irh9-83kx007vrk,Notbuk Lenovo IdeaPad 5 2in1 14IRH9 (83KX007VRK),Lenovo,TM-DG-KOT-1114-NB-3478,1599.99,,,,,,,,,,,,,,,,,,,,,,
https://kontakt.az/notbuk-lenovo-thinkbook-14-g9-ahp-21v0000pfw,Notbuk Lenovo ThinkBook 14 G9 AHP (21V0000PFW),Lenovo,TM-DG-KOT-1114-NB-3485,1869.99,,,,,,,,,,,,,,,,,,,,,,
https://kontakt.az/notbuk-asus-vivobook-v16-v3607vu-rp148-90nb15q1-m00r60,Notbuk Asus VivoBook V16 V3607VU-RP148 (90NB15Q1-M00R60),Asus,TM-DG-KOT-1114-NB-3307,2199.99,,,,,,,,,,,,,,,,,,,,,,
https://kontakt.az/notbuk-asus-zenbook-14-um3406ga-qd134-90nb17r1-m006m0,Notbuk Asus ZenBook 14 UM3406GA-QD134 (90NB17R1-M006M0),Apple,TM-DG-KOT-1114-NB-3488,"2.899,99",3999.99,Yox,"80 Vt*s, 5.6 saatadək",Lenovo,SSD 512GB,"WQXGA (2560 × 1600), 165 Hz","16""","3× USB 3.2 Gen 1 Type-A, 2× USB 3.2 Gen 2 Type-C, HDMI, Ethernet (RJ-45)",Oyun,"İngilis, Rus",Legion 5 16IRX9,"DDR5 16GB, 4800 MHz","Intel Core i5 13450HX, 2.4 - 4.6 GHz",Luna Grey,Yox,1080p,"GeForce RTX 4060, 8 GB",Xarici Nvidia,Wi-Fi 6E (802.11ax),12 ay,359.7 × 262.3 × 25.2 mm,ƏS yoxdur
https://kontakt.az/notbuk-lenovo-legion-5-16irx9-83dg000drk,Notbuk Lenovo Legion 5 16IRX9 (83DG000DRK),Lenovo,TM-DG-KOT-1114-NB-3479,"2.899,99",3999.99,Yox,"80 Vt*s, 5.6 saatadək",Lenovo,SSD 512GB,"WQXGA (2560 × 1600), 165 Hz","16""","3× USB 3.2 Gen 1 Type-A, 2× USB 3.2 Gen 2 Type-C, HDMI, Ethernet (RJ-45)",Oyun,"İngilis, Rus",Legion 5 16IRX9,"DDR5 16GB, 4800 MHz","Intel Core i5 13450HX, 2.4 - 4.6 GHz",Luna Grey,Yox,1080p,"GeForce RTX 4060, 8 GB",Xarici Nvidia,Wi-Fi 6E (802.11ax),12 ay,359.7 × 262.3 × 25.2 mm,ƏS yoxdur
https://kontakt.az/notbuk-asus-expertbook-p3-pm3406cka-ly0471-90nx0971-m00je0,Notbuk Asus ExpertBook P3 PM3406CKA-LY0471 (90NX0971-M00JE0),Asus,TM-DG-KOT-1114-NB-3487,"1.999,99",2599.99,Yox,"90 Vt*s, 19 saatadək",HUAWEI,SSD 1 TB,"OLED (2880 × 1920), 120 Hz","14.2""","2× USB 3.2 Gen 1 Type-A, 1× USB 3.2 Gen 1 Type-C, HDMI",Premium,"İngilis, Rus",MateBook 14,"LPDDR5 32GB, 6400 MHz","Intel Core Ultra 5 125H, 1.8 - 4.50 GHz",Space Grey,Var,1080p,Intel Arc Graphics,Daxili Intel,Wi-Fi 6 (802.11ax),12 ay,312.6 × 226.8 × 14.5 mm,ƏS yoxdur
https://kontakt.az/notbuk-asus-rog-zephyrus-g14-ga403um-qs004-90nr0m81-m00270,Notbuk Asus ROG Zephyrus G14 GA403UM-QS004 (90NR0M81-M00270),Asus,TM-DG-KOT-1114-NB-3483,3989.99,,,,,,,,,,,,,,,,,,,,,,
https://kontakt.az/notbuk-lenovo-thinkpad-t14-gen-6-21qg004tfw,Notbuk Lenovo ThinkPad T14 Gen 6 (21QG004TFW),Lenovo,TM-DG-KOT-1114-NB-3480,3459.99,,,,,,,,,,,,,,,,,,,,,,
https://kontakt.az/notbuk-lenovo-thinkpad-x12-detachable-gen-2-21lk003jrt,Notbuk Lenovo ThinkPad X12 Detachable Gen 2 (21LK003JRT),Lenovo,TM-DG-KOT-1114-NB-3482,3569.99,,,,,,,,,,,,,,,,,,,,,,
https://kontakt.az/notbuk-lenovo-thinkpad-x1-carbon-gen-13-aura-edtion-21ns004lfw,Notbuk Lenovo ThinkPad X1 Carbon Gen 13 Aura Edtion (21NS004LFW),Lenovo,TM-DG-KOT-1114-NB-3481,4869.99,,,,,,,,,,,,,,,,,,,,,,
https://kontakt.az/notbuk-huawei-matebook-14-53014mtv,Notbuk HUAWEI MateBook 14 (53014MTV),HUAWEI,TM-DG-KOT-1114-NB-3476,1999.99,,,,,,,,,,,,,,,,,,,,,,
https://kontakt.az/notbuk-lenovo-thinkbook-16-g9-ahp-21ut000lfw,Notbuk Lenovo ThinkBook 16 G9 AHP (21UT000LFW),Lenovo,TM-DG-KOT-1114-NB-3486,1889.99,,,,,,,,,,,,,,,,,,,,,,
